X	y0	y1	y2	y3	y4	y5	y6	y7	y8	y9	y10	y11	y12	y13	y14	y15	y16	y17	y18	y19	y20	y21	y22	y23	y24	y25	y26	y27	y28	y29	y30	y31	y32	y33	y34	y35	y36	y37	y38	y39	y40	y41	y42	y43	y44	y45	y46	y47	y48	y49	y50	y51	y52	y53	y54	y55	y56	y57	y58	y59	y60	y61	y62	y63	y64	y65	y66	y67	y68	y69	y70	y71	y72	y73	y74	y75	y76	y77	y78	y79	y80	y81	y82	y83	y84	y85	y86	y87	y88	y89	y90	y91	y92	y93	y94	y95	y96	y97	y98	y99
x0	-66.7	47.79	-28.83	10.72	32.22	31.44	-5	20.59	-9.52	13.6	-5.96	30.01	-29.08	-21.53	-29.81	14.75	-47.49	-23.05	-18.41	-10.45	34.85	7.97	15.05	-69.01	-34.8	-30.34	12.82	-45.61	34.43	-28	-4.34	-1.21	-43.59	1.69	4.75	-27.71	20.52	-56.08	-7.78	-64.25	22.03	-43.2	27.93	24.96	23.72	12.99	-15.39	-2.28	-28.63	18.55	3.57	17.02	-22.39	-18.75	-7.71	-49.3	-24.06	-35.83	-9.81	-2.38	43.64	-17.9	-27.11	40.46	5.02	4.87	-2.59	-18.69	15.87	-39.51	-13.79	47.76	21.53	22.99	8.21	-57.75	21.23	-60.91	24.02	-20.29	-28.09	47.38	-11.77	-17.36	38.94	-27.66	15.16	-6.58	-3.03	-2.05	-19.45	7.04	-18.16	54.56	-19.62	-1.89	31.96	-31.88	-2.58	-10.01
x1	30.85	21.08	-37.46	62.52	-27.44	-34.23	-73.2	-25.59	-16.65	34.37	19.48	-0.87	-27.53	-22.66	39.66	-4	-5.57	-24.64	58.43	6.74	-19.4	-1.25	51.08	18.48	5.57	-32.89	-20.18	35.59	-21.15	-32.42	4.42	25.01	20.43	18.28	4.98	8.67	-35	27.08	-5.84	13.99	58.51	18.43	-7.18	-6.14	-38.91	33.39	-52.26	16.01	30.78	-16.81	-26.96	21.28	27.25	-4.15	33.68	-53.5	52.62	17.5	29.98	8	-6.98	21.95	-27.45	-11.9	-25.93	-2.96	29.08	35.61	-5.65	-56.29	70.15	-2.52	34.23	-1.08	-36.73	-0.98	-0.34	51.21	8.39	16.73	-2.91	74.68	-19.66	25.13	-26.58	-15.09	22.82	-51.67	-47.86	11.29	-20.79	-1.36	-13.56	-25.78	-5.66	-21.48	28.48	-9.18	-15.98	-41.53
x2	1.8	1.8	27.28	1.8	22.79	13.87	-33.56	1.8	21.03	1.8	-22.01	1.8	-27.56	1.8	7.25	1.8	-28.74	1.8	1.8	1.8	65.43	47.69	8.63	1.8	1.8	1.8	11.9	59.79	1.8	31.22	1.8	-38.58	7.42	33.34	-0.79	-49.49	-4.93	1.8	1.8	1.8	1.8	-18.19	1.8	25.12	29.01	1.8	1.8	1.8	-5.1	-35.1	-28.14	1.8	-44.66	1.8	1.8	1.8	-46.46	-4	1.8	1.8	1.8	1.8	1.8	1.8	-12.39	1.8	14.44	-44.98	27.83	-13.02	1.8	1.8	1.8	1.8	64.1	1.8	1.8	-25.94	1.8	1.8	-12.98	-5.81	-14.31	2.76	-2.02	-42.5	0.11	11.6	1.8	1.8	8.13	0.31	1.8	-16.74	1.8	1.8	1.8	11.39	1.8	-54.9
x3	1.8	1.8	88.66	1.8	-1.01	-30.1	-6.72	1.8	36.43	1.8	-6.67	1.8	-16.8	1.8	0.74	1.8	-27.45	1.8	1.8	1.8	-4.72	-37.34	9.98	1.8	1.8	1.8	14.79	-11.93	1.8	30.03	1.8	3.5	-27.16	5.12	-23.82	28.56	7.95	1.8	1.8	1.8	1.8	7.58	1.8	2.16	-32.07	1.8	1.8	1.8	-16.82	14.02	16.1	1.8	-41.33	1.8	1.8	1.8	14.57	30.78	1.8	1.8	1.8	1.8	1.8	1.8	-1.55	1.8	-5.93	-16.1	33.38	-20.14	1.8	1.8	1.8	1.8	37.04	1.8	1.8	11.89	1.8	1.8	6.4	-6.89	21.78	-42.45	2.77	-32.23	9.33	32.11	1.8	1.8	2.71	31.74	1.8	-3.87	1.8	1.8	1.8	19.04	1.8	22.3
x4	33.43	31.1	19.01	-9.39	-63.71	-28.16	11.49	44.6	-35.14	-17.12	64.83	48.14	13.95	58.79	12.05	25.26	-13.46	-7.27	7.07	29.99	-5.65	-13.18	-30.98	11.48	-62.22	-40.8	9.94	-1.4	25.08	4.81	9.77	-1.97	0.15	-19.4	10.21	57.29	18.15	-10.2	4.29	-0.24	31.88	-19.26	25.64	-7.19	-47.21	-40.26	3.9	7.49	-48.06	57.96	-0.84	40.75	44.41	-18.52	50.65	-31.55	-8.5	29.71	63.62	45.86	14.62	-32.24	-0.06	7.92	14.79	34.83	33.72	39.74	-25.15	40.78	23.88	37.75	-19.12	22.57	-10.9	46.03	-45.44	35.08	19.17	26.1	15.94	-38.47	17.95	45.31	48.11	4.09	38.11	-35.24	-23.03	-32.42	-0.16	-37.28	-24.26	12.43	27.68	31.39	-24.12	1.44	-11.61	14.42
x5	-46.34	-36.58	39.5	-26.07	-13.33	-21.23	-81.63	-12.73	57.47	-29.8	-24.27	-51.65	8.52	17	12.67	-14.8	-12.72	-4.96	5.73	-13.44	-4.97	47.79	19.87	-11.97	-20.02	-11.03	-2.74	21.21	-23.52	-36.12	-8.83	-14.9	5.91	17.94	3.38	15.01	-36.3	-0.66	7.35	-46.22	17.87	23.9	1.29	-51.22	-53.88	24.01	-11.33	-33.86	38.3	35.21	-23.24	-1.82	-26.87	34.57	-42.07	-6.13	-27.91	7.44	42.83	-16.95	-9.33	7.13	39.78	-11.4	-28.54	11.16	-42.69	40.06	-11.84	34.94	27.09	-0.58	17.51	-49.72	-24.05	-0.47	19.65	7.31	-10.12	21.45	3.09	-16.88	8.51	-29.11	-48.46	-66.09	26.17	-56.56	-12.5	6.77	8.03	22.22	16.98	-45.64	-44.75	-11.48	50.68	-43.36	-6.75	10.79
x6	7.27	9.62	25.11	-100	25.33	23.95	7.54	62.54	37.43	44.54	-38.47	17.79	42.91	-32.77	-46.7	-18.19	-31.97	62.08	29.04	21.94	16.01	-12.63	-14.44	-27.29	17.49	-5.17	8.11	49.9	-29.18	-6.22	-17.21	-46.31	-4.29	4.21	8.49	-25.71	-21.46	15.04	30.43	-12.74	1.34	-47.47	0.77	50.03	14.61	18.28	47.37	7.5	-9.98	-12.57	-14.18	69.4	-64.86	38.74	82.84	-5.58	-22.32	8.06	1.26	23.59	24.28	-69.36	-9.63	22.05	-25.2	-25.22	20.98	0.66	-20.23	-5.09	41.73	47.54	-6.33	17.41	55.17	-1.8	2.88	0.86	-45.7	-9.49	2.46	25.94	-43.05	-16.24	12.69	6.04	8.04	28.46	-22.92	-3.05	-29.35	14.35	-10.79	-21.44	-0.78	33.41	9.52	-17.62	-2.08	17.36
x7	1.8	1.8	-10.58	1.8	9.86	-1.75	-24.53	1.8	27.5	1.8	57.27	1.8	-27.28	1.8	28.15	1.8	-14.3	1.8	1.8	1.8	-12.68	-9.94	43.28	1.8	1.8	1.8	-50.46	-45.66	1.8	27.84	1.8	26.5	-15.37	-51.74	-20.12	27.61	-35.04	1.8	1.8	1.8	1.8	-18.83	1.8	42.52	11.37	1.8	1.8	1.8	-17.08	-0.18	-19.77	1.8	3.3	1.8	1.8	1.8	-1.65	37.16	1.8	1.8	1.8	1.8	1.8	1.8	-41.39	1.8	-13.34	22.95	-93.67	-6.12	1.8	1.8	1.8	1.8	-51.29	1.8	1.8	61.2	1.8	1.8	-33.85	-15.7	-5.33	34.63	15.06	26.01	10.68	2.27	1.8	1.8	-38.38	-5.51	1.8	27.23	1.8	1.8	1.8	0.6	1.8	18.29
x8	7.49	-3.06	19.22	-8.05	41.7	28.74	-26.23	-32.04	-65.59	-83.91	54.36	32.79	-3.13	12.33	-20.05	-23.71	-66.57	-29.58	12.1	22.87	10.81	9.42	13.59	-0.41	-81.2	-16.4	-20	-22.32	53.71	-35.08	-40.79	6.27	-2.63	-52.89	0.86	17.45	-15.19	-18.03	62.43	32.94	9.27	7.6	-36.99	9.26	-75.31	10.01	14.42	-8.79	-10.71	18.64	46.02	13.61	14.49	-30.85	-19.6	-51.8	-50.63	-17.11	31.35	3.49	14.49	-41.9	38.43	23.94	-50.26	11.87	-32.69	5.08	-14.2	23.08	-21.8	-5.13	-31.43	-32.44	-14.89	17.2	28.25	-12.46	19.1	-30.17	32.69	17.66	-16.09	-5.18	24.98	-18.07	23.64	35.94	23.79	33.4	-30.17	6.96	-34.53	-70.83	-43.29	4.29	-9.86	-8.64	-11.74	16.12
x9	25.4	-32.7	22.57	-2.25	-41.13	8.62	30.85	32.35	-37.2	-32.55	-2.27	-17.99	-22.28	-13.69	-2.79	-49.73	38.33	-0.42	-15	0.29	-17.71	-21.33	-18.19	-16.34	-6.73	-18.19	54.57	-0.88	16.73	-13.6	-8.11	47.12	30.12	4.7	-3.63	-4.69	-5.26	46.19	-21.96	-39.08	-55.64	-59.9	-19.14	-60.12	15.75	6.02	-24.42	3.09	-24.65	26.8	-1.86	-26.81	-38.39	-19.53	17.59	-9.27	-43.75	10.84	37.14	4.59	-13.45	15.5	-7.88	-100	-16.73	-7.35	-15.57	30.1	-17.72	36.28	30.99	-18.07	12.66	-16.78	-2.92	-22.98	34.92	29.35	-5.37	-47.93	71.44	8.45	3.08	-30.47	-47.66	32.24	-25.07	-23.43	-9.02	12.81	17.53	43.53	-27.47	-27.99	31.21	36.71	-37.18	-5.31	82.83	9.4
x10	-37.71	32.14	-0.21	63.52	16.96	23.8	-11.2	-3.22	-2.03	-27.33	-12.8	2.92	17.3	16.93	-9.1	17.96	36.48	-11.17	-33.66	-14.68	-42.81	7.92	20.68	-6.14	-37.78	-37.66	-5.99	-25.58	45.88	16.35	11.67	-15.84	-6.06	3.66	-8.18	27.62	-28.92	-11.38	56.23	-9.46	-3.63	-26.58	-5.53	-29.78	0.71	-21.41	25.62	-43.16	-16.54	-1.69	16.5	-7.05	-5.58	-34.01	-15.89	-3.42	-20.07	-13.38	61	14.25	-1.22	3.27	-14.4	-14.84	-18.25	-31.55	3.14	-9.63	-41.27	19.02	15.63	49.52	58.71	-17.31	53.07	-24.62	-9.92	1.15	-7.73	-62.45	29.78	-58.39	17.32	30.89	30.09	-2.09	2.44	7.21	-2.66	-16.98	37.79	31.46	38.34	-7.91	-18.12	16.09	-34.04	-16.24	12.38	7.34
x11	-22.68	1.2	-36.72	-5.84	10.27	-8.39	2.28	-57.78	-54.02	-40.91	-14.92	25.87	-59.3	10	-16.46	-40.33	-44.94	-30.68	-26.68	7.85	12.95	-44.98	3.02	9.11	5.54	13.41	52.71	-19.64	-30.99	12.35	48.55	-42.31	-19.98	12.93	12.79	3.32	-34.34	13.19	30.44	23.01	-62.45	-12.08	18.96	95.88	-62.14	78.52	36.18	7.71	-47.11	41.13	3.01	3.73	-5.03	39.49	23.62	-0.94	11.93	-47.31	-41.63	-8.58	12.03	46.94	-7.66	24.83	2.85	39.94	-10.77	-6.8	-24.33	-6.28	-27.46	25.16	-0.58	8.4	-36.9	19.68	-11.23	33.14	-9.96	-14.15	28.51	68.42	20.09	7.01	-13.1	22.61	0.17	56.35	-30.85	11.19	-34.63	7.35	12.99	-40.44	65.57	4.61	34.88	-43.35	-26.77	-8.96
x12	1.8	1.8	-20.18	1.8	-26.22	7.45	-39.64	1.8	-44.95	1.8	-73.33	1.8	-15.27	1.8	-22.47	1.8	-18.77	1.8	1.8	1.8	22.87	-4.75	6.46	1.8	1.8	1.8	9.35	-19.16	1.8	24.99	1.8	29.5	-28.02	18.15	-8.49	-36.99	35.21	1.8	1.8	1.8	1.8	56.57	1.8	1.33	-9.8	1.8	1.8	1.8	-21.62	39.92	17.92	1.8	-5.2	1.8	1.8	1.8	-17.39	-5.8	1.8	1.8	1.8	1.8	1.8	1.8	-1.2	1.8	-43.23	13.13	-12.22	20.02	1.8	1.8	1.8	1.8	37.04	1.8	1.8	-33.55	1.8	1.8	9.38	-16.86	-7.39	15.33	-4.61	-48.56	34.59	-26.84	1.8	1.8	43.31	-5.29	1.8	22.78	1.8	1.8	1.8	20.87	1.8	-0.47
x13	3.29	14.64	-7.97	43.59	-6.78	69.91	-37.82	14.84	33.06	57.32	-7.77	20.31	-39.71	-30.34	-10.87	-27.89	-21.02	28.49	-33.55	-53.03	37.98	-10.43	0.37	-1.61	27.66	-7.43	24.13	45.75	2.82	-13.96	-21.85	-10.12	47.16	36.78	-17.47	-23.64	15.48	73.48	39.21	30.06	-17.66	-35.87	-58.57	-37.61	17.58	49.37	-22.83	1.65	49.66	-30.12	-13.07	20.62	-20.65	-43.86	-42.95	17.97	51.67	19.8	30.94	-23.53	-21.5	6.76	28.73	-12.06	24.84	-32.03	7.22	5.84	-1.36	0.17	70.23	10.7	-47.59	13.16	16.52	-7.31	-19.69	31.55	-13.63	14.43	-21.53	36.06	32.23	-35.86	-47.68	34.42	-0.87	-33.49	15.14	24.52	43.05	30.61	0.8	41.79	30.82	-3.66	-45.5	-29.21	3.9	8.69
x14	-44.23	-0.89	8.33	9.59	-32.75	12.26	-29.49	-48.2	4.63	-55.48	-1.99	32.24	-41.74	-41.89	-23.61	36.6	-7.31	15.71	-37.59	-27.37	27.2	34.42	-23.53	39.84	-4.64	-33.14	47.17	48.1	12.31	32.37	-16.11	-8.09	66.78	26.56	10.22	-29.02	0.25	9.16	-12.44	15.4	-11.05	12.62	57.76	47.51	25.16	45.35	26.55	-28.25	-30.38	-10.22	-24.2	-15.57	22.19	-67.18	-29.02	23.62	-31.16	-45.51	-10.39	-2.08	53.73	-26.37	-7.52	86.12	-33.42	41.29	-24.54	-10.91	-9.85	19.38	14.8	-23.73	-7.5	0.4	24.61	50.5	-31.3	-39.53	44.81	-3.35	20.88	-3.16	-33.88	-17.23	-42.28	17.35	19.84	20.75	47.38	16.93	30.96	-5.04	-13.09	13.79	-21.28	-75.76	-53.49	-16.28	1.75	4.63
x15	6.46	45.68	-3.01	-15.5	-55.34	4.1	-8.98	-21.53	41.92	-61.7	-4.9	-13.48	10.75	18.4	-24.35	25.87	-34.73	36.84	89.62	-13.08	-0.62	20.83	-8.79	-58.05	-0.72	51.11	-8.87	29.58	12.99	1.99	-36.93	-14.05	51.23	26.41	8.98	-30.22	33.84	19.75	15.39	53.01	-14.49	-16.01	-13.95	-44.72	-21.25	34.61	-2.14	-30.28	41.95	-24.95	-5.26	-19.02	64.08	-34.34	7.71	-57.96	19.85	32.12	7.52	75.22	-20.94	-20.87	-25.49	7.67	14.3	27.22	42.36	3.05	-0.73	-50.91	-13.53	-32.25	-7.57	-46.83	-23.96	-27.86	24.56	26.17	4.42	41.97	-100	-22.46	17.55	-20.6	60.1	-45.58	11.16	55.68	60.73	0.12	-19.03	4.66	-52.4	-0.79	-36.69	18.67	55.04	29.84	39	-1.01
x16	1.8	1.8	-0.35	1.8	-3.9	43.06	51.19	1.8	-10.06	1.8	-4.8	1.8	37.02	1.8	-30.84	1.8	-0.69	1.8	1.8	1.8	-2.43	17.45	-29.2	1.8	1.8	1.8	-11.6	38.95	1.8	12.87	1.8	34.88	-3.4	-25.77	-10.53	-54.8	52.89	1.8	1.8	1.8	1.8	-6.55	1.8	-33.78	-4.35	1.8	1.8	1.8	10.17	-35.24	-9	1.8	36.19	1.8	1.8	1.8	-1.07	38.3	1.8	1.8	1.8	1.8	1.8	1.8	2.53	1.8	59.06	11.09	26.43	7.83	1.8	1.8	1.8	1.8	-0.11	1.8	1.8	-41.08	1.8	1.8	-7.39	6.59	16.48	14.25	-4.53	4.96	-1.29	-1.45	1.8	1.8	8.7	54.78	1.8	-5.8	1.8	1.8	1.8	-8.03	1.8	-21.48
x17	5.56	73.84	22.71	-18	1.17	39.23	-6.92	-4.44	13.88	-16.07	-32.06	61.84	16.56	40.8	59.46	36.12	8.72	-13.1	-2.65	5.29	2.38	10.49	34.23	27.55	-19.82	-14.58	-13.26	4.29	68.36	34.79	-35.54	41.2	34.25	9.85	5.85	-52	33.24	-9.92	20.12	12.89	-4.47	11.59	6.98	-21.69	-2.07	78.77	47.55	-39.29	19.01	9.71	32.11	-2.61	-2.36	-2.53	-30.29	17.61	-4.16	51.92	-18.96	2.37	7.82	27.34	5.82	-6.71	-50.01	-27.57	20.7	56.18	27.33	2.79	9.01	-72.88	14.66	-4.48	11.97	-16.26	23.77	34.11	8.4	50.65	10.23	-7.42	-6.29	8.61	10.39	-17.87	6.32	-77.15	30.78	67.23	7.79	7.55	7.9	3.5	14.85	12.23	36.95	-23.89	-11.54	24.43
x18	48.13	-29	-39.44	9.32	2.06	-10.95	21.06	-6.23	-26.84	-15.71	-21.3	-28.08	2.49	-25.94	-59.87	25.84	44.66	-72.97	29.47	-18.45	-22.91	-41.74	-14.4	-0.63	-10.49	-43.1	8.56	24.84	22.44	-8.25	-25.27	-13.98	-21.22	-6.8	32.64	-1.68	16.85	-32.55	-45.88	-18.64	-40.43	-45.38	-60.5	19.22	2.08	-21.63	-40.01	-64.51	19.22	48.29	-26.64	-31.65	-81.08	-5.83	9.11	70.38	-18.3	13.27	-31.7	-35.65	17.93	21.8	39.32	61.05	-7.69	43.08	7.51	41.5	-21.17	29.92	-84.05	56.54	-41.33	4.77	8.59	-42.1	48.78	17.79	-43.87	-14.14	-31.26	-20.92	-38.14	-28.57	18.38	6.08	1.68	-7.64	-37.41	34.78	23.07	14.4	33.05	-3.99	-52.58	14.08	7.84	2.99	-12.92	56.79
x19	-53.2	15.09	-27.73	-15.28	-48.33	-50.47	-12.79	-29.69	4.88	-13.09	-34.02	-22.09	-17.94	-82.57	41.21	-14.92	22.82	12.65	-1.18	46.12	-21.2	49.55	16.71	18.64	23.68	57.63	21.71	15.42	-25.83	10.67	15.01	35.05	-8.78	42.63	25.41	-14.01	12.09	9.72	4.06	28.09	-41.78	29.72	0.61	-64.66	-52.83	-21.88	-14.53	27.18	-36.06	-58.12	36.89	-12.61	29.79	1.8	18.15	-31.01	41.78	-0.23	-0.3	-38.46	8.73	46.21	17.74	-7.08	-20.15	2.85	23.16	18.43	51.77	-3.54	7.63	16.21	30.97	-14.12	32.09	-36.34	-12.8	-48.48	31.97	-26.02	22.99	-13.25	3.1	-4.86	33.86	0.48	-25.77	69.33	3.81	-14.18	45.99	-37.61	47.75	-16.66	-5.37	6.69	10.76	8.09	-29.51	-13.79
x20	-17.82	-20.64	53.7	0.15	-18.31	-56.64	33.56	28.91	18.25	-28.38	15.48	-7.27	1.29	17.36	-16.24	30.79	2.21	-21.9	27.75	29.29	34.18	9.13	35.07	2.19	-29.23	1.7	23.99	19.63	-21.26	-13.4	2.11	89.23	51.99	-5.68	-1.93	-52.45	29.3	39.28	-18.63	20.92	-12.07	1.6	-52.17	-19.79	-51.12	-7.39	5.6	45.13	20.78	0.88	-10.59	5.85	-5.28	-31.36	14.65	-39.54	-12.46	7.34	-27.29	62.34	18.43	-17.39	-14	-6.46	-61.08	3.52	-29.92	-6.34	11.46	-3.17	-35.05	-20.17	-11.94	-29.27	36.99	16.1	-24.05	14.25	72.12	26.02	2.66	-15.39	10.7	-11.14	13.83	29.46	-7.84	-7.37	25.42	-45.49	12.12	0.7	-0.2	40.57	39.05	-4.44	31.99	20.16	-26.67	-12.26
x21	1.8	1.8	2.3	1.8	29.49	-20.82	-25.91	1.8	14.54	1.8	-7.21	1.8	-20.47	1.8	48.37	1.8	-31.48	1.8	1.8	1.8	3.82	-0.33	-3.19	1.8	1.8	1.8	50.46	-31.52	1.8	-11.18	1.8	1.5	-76.61	-5.19	38.85	-68.64	9.58	1.8	1.8	1.8	1.8	-8.48	1.8	-4.31	41.13	1.8	1.8	1.8	24.56	54.89	17.95	1.8	-77.82	1.8	1.8	1.8	-13.91	-17.71	1.8	1.8	1.8	1.8	1.8	1.8	18.84	1.8	34.5	11.86	-19.54	2.43	1.8	1.8	1.8	1.8	-7.21	1.8	1.8	-12.55	1.8	1.8	-33.09	-27.27	-4.91	-18	1.85	-12.89	-16.21	-1.92	1.8	1.8	12.72	-20.44	1.8	42.1	1.8	1.8	1.8	-13.1	1.8	-13.02
x22	1.8	1.8	7.39	1.8	-2.92	-23.97	-12.79	1.8	-45.17	1.8	21.25	1.8	7.97	1.8	6.34	1.8	-4.61	1.8	1.8	1.8	-0.79	-16.84	10.5	1.8	1.8	1.8	5.82	17.62	1.8	5.27	1.8	-51.48	-11.4	7.33	-16.29	18.19	-35.96	1.8	1.8	1.8	1.8	28.69	1.8	62.97	51.26	1.8	1.8	1.8	2.36	9.99	34.87	1.8	-4.22	1.8	1.8	1.8	12.01	-27.21	1.8	1.8	1.8	1.8	1.8	1.8	7.1	1.8	15.95	-50.81	0.09	46.92	1.8	1.8	1.8	1.8	13.48	1.8	1.8	-16.6	1.8	1.8	-49.79	-58.32	5.18	24.07	49.86	30.47	-47.39	2.68	1.8	1.8	-19.64	-35.18	1.8	-75.5	1.8	1.8	1.8	-11.01	1.8	42.85
x23	1.8	1.8	-20.81	1.8	54.28	-66.51	11.08	1.8	-21.35	1.8	-25.3	1.8	-17.57	1.8	-0.59	1.8	33.05	1.8	1.8	1.8	-35.33	4.82	-33.5	1.8	1.8	1.8	-37.56	-23.52	1.8	21.63	1.8	-28	-41.38	-26.77	-21.46	22.99	-8.16	1.8	1.8	1.8	1.8	-10.81	1.8	-15.55	23.1	1.8	1.8	1.8	20.22	-35.4	-68.73	1.8	12.05	1.8	1.8	1.8	-22.43	27.58	1.8	1.8	1.8	1.8	1.8	1.8	-27.65	1.8	10.66	-28.89	26.23	6.09	1.8	1.8	1.8	1.8	-44.01	1.8	1.8	24.25	1.8	1.8	-9.93	-6.82	62.28	14.85	-10.11	20.62	-0.92	11.95	1.8	1.8	-2.57	-22.11	1.8	4.84	1.8	1.8	1.8	5.96	1.8	37.75
x24	1.8	1.8	13.04	1.8	5.66	28.33	13.39	1.8	-14.96	1.8	-3.16	1.8	-12.6	1.8	16.06	1.8	-10.98	1.8	1.8	1.8	16.23	-44.99	35.49	1.8	1.8	1.8	24.59	-29.96	1.8	-2.28	1.8	-35.1	32.63	-12.53	5.51	-7.58	33.16	1.8	1.8	1.8	1.8	0.53	1.8	32.51	32.04	1.8	1.8	1.8	-44.49	8.87	0.81	1.8	11.21	1.8	1.8	1.8	40.24	-24.34	1.8	1.8	1.8	1.8	1.8	1.8	9.12	1.8	2.91	-12.15	19.19	-2	1.8	1.8	1.8	1.8	5.1	1.8	1.8	10.37	1.8	1.8	53.38	28.18	-23.83	-12.96	31.81	-20.3	2.83	-8.25	1.8	1.8	1.25	1.34	1.8	2.23	1.8	1.8	1.8	-26.7	1.8	0.25
x25	-34.62	38.31	-47.82	-33.33	-11.02	-8.11	-19.48	25.03	-23.47	-7.69	67.37	-4.57	-15.78	-17.85	22.48	-36.39	-11.53	32.08	-21.55	-7.51	12.23	-5.74	18.33	-18.73	-26.91	-43.99	35.33	28.01	-52.53	31.94	-52.23	-46.53	26.36	-72.94	-14.75	36.36	-20.41	26.51	-42.79	-10.44	0.71	8.4	29.01	-32.99	30.68	-5.4	-41.12	-12.94	11.92	-35.15	-12.92	39.84	-24.74	2.73	-11.9	16.95	-12.24	5.24	-26.33	-9.08	-5.17	36.61	-32.02	33.73	14.5	-32.35	41.3	6.58	9.58	-22.1	16.93	-42.67	11.36	-13.89	-17.83	-2.18	-41.31	-8.91	51.16	7.88	-63.2	-23.79	-10.96	3.03	33.76	24.34	-35	8.69	-39.27	49.42	-27.88	9.14	26.72	14.41	-53.12	3.49	-45.94	3.98	-20.74	-3.05
x26	1.8	1.8	46.55	1.8	2.52	12.64	-50.91	1.8	24.48	1.8	-52.12	1.8	46.57	1.8	-8.12	1.8	-43.95	1.8	1.8	1.8	-2.83	6.27	2.95	1.8	1.8	1.8	-22.54	-35.05	1.8	-9.57	1.8	2.05	-3.07	-24.8	15.18	-14.45	-43.4	1.8	1.8	1.8	1.8	6.78	1.8	34.47	31.85	1.8	1.8	1.8	16.92	-12.68	13.56	1.8	-62	1.8	1.8	1.8	-10.74	13.49	1.8	1.8	1.8	1.8	1.8	1.8	18.23	1.8	-27.74	23.49	10.45	17.54	1.8	1.8	1.8	1.8	-22.71	1.8	1.8	-44.15	1.8	1.8	-42.29	32.74	-25.98	1.66	8.44	11.52	-1.68	22.15	1.8	1.8	57.74	5.03	1.8	-24.08	1.8	1.8	1.8	-35.44	1.8	22.65
x27	-14.36	-25.61	41.52	-61.71	28.11	-25.23	-55.67	26.46	3.84	-5.34	-23.51	31.7	73.99	2.15	31.24	-34.06	4.48	-16.93	-6.34	24.15	-17.17	-15.34	13.57	27.81	-32.93	10.39	21.46	10.54	-70.88	-21.46	-35.03	-30.11	-59.79	78.13	39.85	-15.66	16.93	21.05	-6.38	-46	-28.37	5.11	-16.95	10.4	-12.53	-4.21	-35.67	4.3	1.36	7.68	-10.66	-43.01	12.35	-18.04	-1.68	-3.43	-45.79	4.88	25.66	-33.61	-61.31	-45.49	-60.49	-14.44	-42.5	24.66	37.07	-18.09	-19.48	2.4	-11.58	-8.8	-29.72	-1.73	-26.58	17.28	-38.77	19.33	-7.64	-4.33	-1.37	-22.3	-44.7	-43.03	31.58	-13.72	-5.46	3.87	-22.94	15.58	-5.97	-11.96	-46.06	-1.67	24.52	97.16	1.56	0.16	-14.61	0.03
x28	1.8	1.8	41.43	1.8	-40.79	15.34	-45.98	1.8	-45.42	1.8	-29.88	1.8	-53.8	1.8	-9.15	1.8	38.47	1.8	1.8	1.8	-13.91	4.6	-11.51	1.8	1.8	1.8	64.23	15.31	1.8	54.18	1.8	-12.1	19.85	-10.4	-16.59	-34.25	2.3	1.8	1.8	1.8	1.8	15.74	1.8	1.68	3.57	1.8	1.8	1.8	23.78	-14.69	11.51	1.8	-28.2	1.8	1.8	1.8	-11.93	4.56	1.8	1.8	1.8	1.8	1.8	1.8	62.46	1.8	63.64	2.08	-22.49	-0.23	1.8	1.8	1.8	1.8	-36.44	1.8	1.8	-23.77	1.8	1.8	19.56	-8.07	14.09	-11.12	-3.86	-30.14	52.22	-21.83	1.8	1.8	17.66	51.14	1.8	0.98	1.8	1.8	1.8	-36.35	1.8	34.94
x29	-4.31	-28	40.78	34.5	-73.08	-12.94	20.43	21.42	13.11	20.89	29.4	10.96	-12.75	-4.81	-2.06	34.79	-20.86	-8.45	-1.44	-40	50.92	-35.02	-0.55	-6.17	-10.68	-23.06	-16.56	-42.42	-85.1	-46.62	41.76	41	15.03	-50.21	-3.95	23.78	32.01	9.21	22.53	0.07	-35.43	-2.82	-16.59	15.53	-26.72	-24.79	26.15	-37.15	-28.12	-13.71	13.65	17.79	-21.34	-27.04	32.61	0.94	-30.99	38.73	-48.66	-28.96	-6.53	4.04	-45.81	-13.09	-42.24	2.28	-31.99	-99.2	42.9	20.14	-10.6	3.3	-16.01	-70.55	-50.03	2.95	-56.19	32.3	25.91	28.99	5.04	37.49	-16.07	-2.28	-25.94	-24.3	44.53	-8.31	-0.5	10.68	60.47	35.74	-9.7	3.22	5.77	-44.85	22.33	8.34	-15.4	33.3
x30	1.8	1.8	-32.62	1.8	-54.28	-73.39	11.04	1.8	-42.48	1.8	-39.16	1.8	-34.37	1.8	-34.71	1.8	4.13	1.8	1.8	1.8	61.13	-4.74	28	1.8	1.8	1.8	7.73	-24.42	1.8	-38.9	1.8	28.36	-13.38	70.5	25.47	39.56	-22.63	1.8	1.8	1.8	1.8	30.59	1.8	45.81	15.1	1.8	1.8	1.8	-0.36	34.05	-4.35	1.8	18.7	1.8	1.8	1.8	-18.28	-3.57	1.8	1.8	1.8	1.8	1.8	1.8	-31.78	1.8	36.36	-27.83	42.99	-13.97	1.8	1.8	1.8	1.8	-16.78	1.8	1.8	15.74	1.8	1.8	7.06	19.4	16.94	-6.59	-38.51	22.27	-58.34	4.54	1.8	1.8	-2.03	-53.87	1.8	35.63	1.8	1.8	1.8	-8.69	1.8	27.7
x31	1.8	1.8	-20.58	1.8	17.8	-42.61	-21.53	1.8	65.54	1.8	-14.79	1.8	48.47	1.8	40.79	1.8	40.21	1.8	1.8	1.8	-8.52	-35.49	73.92	1.8	1.8	1.8	-20.88	51.58	1.8	35.35	1.8	26.89	-23.44	21.65	57.89	-16.93	14.21	1.8	1.8	1.8	1.8	10.67	1.8	19.59	-27.63	1.8	1.8	1.8	-34.34	6.19	50.75	1.8	28.94	1.8	1.8	1.8	28.47	-50.38	1.8	1.8	1.8	1.8	1.8	1.8	-43.03	1.8	-18.59	-10.63	7.58	38.1	1.8	1.8	1.8	1.8	37.64	1.8	1.8	7.34	1.8	1.8	-36.57	-6.01	-77.86	-6.43	32.49	-25.6	48.37	-83.71	1.8	1.8	2.68	6.18	1.8	-17.52	1.8	1.8	1.8	-43.14	1.8	-25.49
x32	1.8	1.8	15.34	1.8	-48.77	31.59	27.02	1.8	4.46	1.8	-74.13	1.8	46.85	1.8	15.09	1.8	19.54	1.8	1.8	1.8	-1.6	33.46	-4.85	1.8	1.8	1.8	-4.37	-30.14	1.8	-45.5	1.8	-27.82	31.69	-8.27	100	50.84	4.27	1.8	1.8	1.8	1.8	48.26	1.8	-12.65	18.27	1.8	1.8	1.8	29.26	41.6	-6.69	1.8	-57.05	1.8	1.8	1.8	34.95	-1.04	1.8	1.8	1.8	1.8	1.8	1.8	-26.66	1.8	-53.89	13.21	16.95	73.64	1.8	1.8	1.8	1.8	12.54	1.8	1.8	-22.1	1.8	1.8	-24.68	-26.5	-2.57	-20.65	-8.68	-25.53	7	38.06	1.8	1.8	-10.67	-20.17	1.8	52.81	1.8	1.8	1.8	-34.62	1.8	36.7
x33	36.82	15.4	9.9	13.22	-10.32	-48.91	44.39	3.26	17.22	-31.52	-7.03	9.51	-32.01	-21.39	14.99	0.24	-6.89	-26.31	-18.36	48.62	-25.91	42.52	-28.06	43.68	-15.56	-46.26	-15.4	-16.09	6.95	47.36	30.97	-9.32	19.3	25.64	39.99	-27.22	-28.15	-18.82	30.14	1.52	56.33	-27.83	-10.88	-30.11	-47.37	-55.77	-48.03	34.16	-19.33	-7.8	-4.3	6.74	-19.13	-7.84	-46.02	67.48	-15.11	-1.32	69.76	-10.22	9.32	-23.43	-10.52	15.05	-10.63	-57.17	15.39	-18.3	24.81	0.83	-8.31	33.42	41.1	-11.88	27.35	-42.02	-9.3	10.66	48.72	35.91	12.1	-17.93	28.17	-10.62	-8.1	-11.23	-34.51	33.22	-22.51	53.45	-2.24	-21.58	29.83	-11.2	0.41	-23.02	-23.42	57.51	46.17	-18.14
x34	8.87	-3.82	-24.25	-11.78	-42.5	-3.18	-17.28	30.53	-33.25	35.38	44.67	33.63	23.56	9.47	-3.66	39.26	-7.66	12.82	9.04	-27.19	-2.18	1.97	11.1	-15.43	-13.93	22.5	40.27	-25.34	26.63	-35.41	0.26	-11.19	11.93	7.91	-8.11	-19.18	-5.38	-8.16	-26.5	-16.06	-30.73	18.2	-6.72	-6.16	-28.81	-36.29	-13.73	-13.25	13.57	38.47	8.54	-32.58	-10.23	11.79	-5.94	19.26	-12.54	-14.09	-8.62	-26.24	21.16	-1.18	42.13	52.12	0.78	-50.18	5.27	93.61	-26.12	-38.68	75.65	-18.08	26.74	-9.06	44.35	-13.99	6.29	7.77	4.81	1.84	9.6	20.98	6.67	-9.58	37.59	-36.46	-1.69	-3.31	-11.21	-5.72	-33.31	-14.93	-18.73	-5.28	-15.71	52.88	-18.47	-38.79	-20.39	-49.09
x35	1.8	1.8	17.02	1.8	24.14	-53	-23.34	1.8	20.39	1.8	7.54	1.8	11.73	1.8	-37.87	1.8	-18.02	1.8	1.8	1.8	-22.95	1.31	18.09	1.8	1.8	1.8	-8.71	8.33	1.8	-17.54	1.8	-35.47	-11.44	-26.52	-3.87	-57.88	-11.31	1.8	1.8	1.8	1.8	4.27	1.8	7.66	46.71	1.8	1.8	1.8	-56.15	93.3	8.88	1.8	-12.14	1.8	1.8	1.8	10.58	-17.79	1.8	1.8	1.8	1.8	1.8	1.8	-48.35	1.8	-5.39	-9.71	-38.45	8.06	1.8	1.8	1.8	1.8	0.98	1.8	1.8	34.2	1.8	1.8	-9.81	35.31	49.87	41.1	-15.29	-16.02	-0.39	-3.48	1.8	1.8	-19.06	-21.89	1.8	16.94	1.8	1.8	1.8	15.72	1.8	24
x36	1.8	1.8	48.76	1.8	20.13	-30.72	-22.48	1.8	14.67	1.8	9.95	1.8	-17.07	1.8	-44.15	1.8	21.21	1.8	1.8	1.8	-11.93	-12.63	12.61	1.8	1.8	1.8	-22.08	-14.85	1.8	-42.63	1.8	25.77	17.74	-22.27	9.92	2.29	-58.27	1.8	1.8	1.8	1.8	-9.32	1.8	-2.31	9.86	1.8	1.8	1.8	-0.42	-29.32	0.44	1.8	-2.47	1.8	1.8	1.8	-18.45	40.02	1.8	1.8	1.8	1.8	1.8	1.8	-56.39	1.8	17.32	16.69	-16.43	-34.85	1.8	1.8	1.8	1.8	-50.24	1.8	1.8	-25.51	1.8	1.8	9.46	-24.71	-21.45	49.16	5.35	4.21	-9.72	-27.3	1.8	1.8	-23.91	-21.32	1.8	-3.66	1.8	1.8	1.8	-6.2	1.8	5.55
x37	1.8	1.8	-29.66	1.8	-15.64	-30.25	50.79	1.8	16.4	1.8	-42.41	1.8	-24.36	1.8	-19.65	1.8	47.01	1.8	1.8	1.8	0.46	-23	-10.77	1.8	1.8	1.8	13.68	-24.79	1.8	2.92	1.8	0.68	-36.7	-7.28	68.99	10.95	-9.65	1.8	1.8	1.8	1.8	37.54	1.8	39.68	23.46	1.8	1.8	1.8	-43.43	4.87	-11.6	1.8	13.61	1.8	1.8	1.8	-60.05	0.34	1.8	1.8	1.8	1.8	1.8	1.8	1.59	1.8	22.14	-10.6	-13.85	-18.9	1.8	1.8	1.8	1.8	-1.34	1.8	1.8	-32.97	1.8	1.8	16.82	-11.18	-49.36	-1.13	-24.88	21.48	-23.21	-16.03	1.8	1.8	66.34	34.85	1.8	-18.75	1.8	1.8	1.8	-11.93	1.8	41.12
x38	1.8	1.8	27.73	1.8	15.54	8.72	27.46	1.8	22.06	1.8	-15.26	1.8	-0.63	1.8	5.86	1.8	-19.08	1.8	1.8	1.8	24.71	-45.51	20.44	1.8	1.8	1.8	-37.27	-13.88	1.8	32.56	1.8	-55.06	40.98	-27.2	21.56	36.64	-33.18	1.8	1.8	1.8	1.8	-29.48	1.8	33.85	-29.65	1.8	1.8	1.8	-19.49	18.99	-5.09	1.8	-26.97	1.8	1.8	1.8	-7.39	34.48	1.8	1.8	1.8	1.8	1.8	1.8	43.42	1.8	-0.6	14.34	-56.89	-21.28	1.8	1.8	1.8	1.8	32.45	1.8	1.8	15.55	1.8	1.8	-9.13	33.69	14.65	0.64	3.23	-65.81	-11.65	39.66	1.8	1.8	15.54	33.22	1.8	-41.96	1.8	1.8	1.8	-22.38	1.8	-8.52
x39	-16.84	40.63	-50.12	-17.94	-10.71	-27.28	-0.92	-37.57	-43.96	49.95	-33.38	-19.44	-57.21	-46.43	79.47	42.53	9.64	-25.25	-16.86	8.64	-12.82	-14.76	30.19	26.11	28.67	15.77	2.77	-15.3	-6.1	36.86	16.73	-5.21	16.85	57.73	-55.26	-16.24	13.97	-17.3	46.42	65.18	34.79	5.35	37.12	40.64	-33.65	-14.88	-6.7	-14.35	19.3	-14.15	-33.35	14.9	15.62	-4.59	23.91	12.22	-24.83	-5.16	-41.5	11.44	-0.61	16.72	-22.69	7.82	39.08	-27.05	30.67	6.07	19.04	-1.76	20.6	-43.92	-0.1	6.21	17.14	19.47	-10.13	12.57	-42.19	33.92	-3.34	8.78	28.62	6.53	-19.97	33.72	-11.45	-0.19	-44.65	-22.64	-47.64	-44.26	7.07	-100	-23.04	-24.96	-29.06	-21.44	38.74	5.3
x40	1.8	1.8	8.44	1.8	10.62	5.84	11.95	1.8	-12.73	1.8	-1.2	1.8	-12.71	1.8	-1.6	1.8	3.38	1.8	1.8	1.8	-47.8	3.76	-26.43	1.8	1.8	1.8	55.27	-14.44	1.8	23.03	1.8	7.39	-2.95	-32.19	11.94	-41.58	-38.57	1.8	1.8	1.8	1.8	12.93	1.8	-25.69	-42.22	1.8	1.8	1.8	34.08	21.68	0.23	1.8	-11.99	1.8	1.8	1.8	17.48	-20.78	1.8	1.8	1.8	1.8	1.8	1.8	-39.08	1.8	34.47	40.48	-19.25	20.56	1.8	1.8	1.8	1.8	14.21	1.8	1.8	-17.49	1.8	1.8	26.39	4.41	23.4	3.08	11.06	12.38	4.4	-18.04	1.8	1.8	7.35	38.55	1.8	-17.55	1.8	1.8	1.8	-42.46	1.8	-59.56
x41	1.8	1.8	24.12	1.8	-4.58	-24.05	-30.78	1.8	-35.25	1.8	20.82	1.8	37.13	1.8	36.23	1.8	-56.43	1.8	1.8	1.8	27.54	16.57	18.13	1.8	1.8	1.8	1.04	-4.17	1.8	-20.84	1.8	-17.4	19.14	-46.46	29.69	13.64	9.96	1.8	1.8	1.8	1.8	30.28	1.8	3.65	-10.91	1.8	1.8	1.8	26.64	2.22	45.18	1.8	28.97	1.8	1.8	1.8	-12.86	32.86	1.8	1.8	1.8	1.8	1.8	1.8	33.84	1.8	74.72	13.14	-36.51	21.92	1.8	1.8	1.8	1.8	5.18	1.8	1.8	49.38	1.8	1.8	-25.81	56.78	46.84	-47.94	-25.65	18.62	3.27	-28.85	1.8	1.8	28.96	-28.77	1.8	63.43	1.8	1.8	1.8	-2.06	1.8	-12.31
x42	-11.39	11.37	-33.57	1.16	-5.92	44.05	-55.23	10.14	15.86	2.15	24.99	40.76	-37.61	0.84	-19.7	-18.77	19.74	-34.87	-17.18	30.67	12.14	8.95	-8.86	-11.08	-7.03	-56.7	-3.77	-9.93	-53.39	38.93	-10.73	-63.63	7.09	43.46	44.09	2.74	-3.48	-11.74	-7.71	6.77	-12.05	27.64	-9.42	-19.41	-4.24	-77.4	29.86	-1.94	12.22	73.63	-26.66	9.16	-48.41	-31.4	38.31	48.74	-1.91	26.74	-11.37	-69.74	26.79	8.67	-6.26	12.33	-1.1	-28.87	-11.88	20.05	19.02	-46.8	-10.5	-7.83	-77.59	29.93	-31.26	40.11	-18.6	-17.34	-19.75	-9.01	14.17	-4.83	-11.19	9.92	-2.69	-18.38	27.92	-43.53	1.8	0.2	14.22	58.82	-24.62	-36.44	19.94	6.56	-5.51	-3.09	-49.08	-13.23
x43	1.8	1.8	2.42	1.8	61.91	42.4	27.39	1.8	12.36	1.8	40.82	1.8	-51.5	1.8	-40.75	1.8	-0.99	1.8	1.8	1.8	9.63	-10.43	3.04	1.8	1.8	1.8	1.22	0.14	1.8	29.92	1.8	-20.44	25.11	-44.02	3.22	-16.16	10.18	1.8	1.8	1.8	1.8	-26.6	1.8	0.82	11.17	1.8	1.8	1.8	-26.34	19.4	-35.08	1.8	10.17	1.8	1.8	1.8	-24.74	20.53	1.8	1.8	1.8	1.8	1.8	1.8	26.65	1.8	-23.08	-22.01	-4.28	18.69	1.8	1.8	1.8	1.8	-20.11	1.8	1.8	-25.44	1.8	1.8	10.89	26.68	-37.13	-6.44	5.23	0.96	13.71	24.55	1.8	1.8	36.3	22.15	1.8	17.24	1.8	1.8	1.8	-21.98	1.8	-3.28
x44	1.8	1.8	40.74	1.8	-1.53	-5.87	-41.32	1.8	-9.6	1.8	-58.34	1.8	62.04	1.8	-51.26	1.8	-18.44	1.8	1.8	1.8	-26.69	-34.51	-1.6	1.8	1.8	1.8	-28.12	56.49	1.8	10.25	1.8	6.34	8.39	-66.52	18.18	21.82	32.26	1.8	1.8	1.8	1.8	-23.12	1.8	39.85	-32.03	1.8	1.8	1.8	-15.39	-21.99	17.5	1.8	-21.5	1.8	1.8	1.8	-0.28	2.54	1.8	1.8	1.8	1.8	1.8	1.8	-32.08	1.8	5.93	-64.38	7.96	-1.16	1.8	1.8	1.8	1.8	2.56	1.8	1.8	-16.77	1.8	1.8	56.85	5.13	56.44	10.84	33.35	-8.23	21.26	-4.89	1.8	1.8	-51.64	-12.93	1.8	-16.63	1.8	1.8	1.8	-5.59	1.8	-16.36
x45	-10.27	0.77	36.82	-1.57	-21.19	-14.4	0.75	-29.38	5.91	6.1	-10.96	-30.5	59.43	-51	-5.35	-58.53	-31.04	-62.89	4.41	-26.44	-34.89	-19.34	-15.29	36.78	-29.47	51.18	-27.29	28.11	-46.85	3.88	-23.45	-40.56	43.71	-30.46	6.74	-60.18	16.25	-13.73	31.43	-53.34	3.12	43.27	38.08	-79.34	-10.57	4.3	-35.76	18.53	16.45	-57.71	9.6	-8.01	-19.27	13.12	-3.37	-19.38	-46.02	12.13	-50.7	-17.93	51.81	-29.89	-1.48	18.28	22.62	-28.16	20.03	24.13	55.1	-5.83	-28.67	-19.08	-63.08	-60.12	14.53	-30.39	-14.45	72.63	20.66	-1.5	46.42	-22.26	-20.6	28.69	-25.85	1.53	-28.31	-79.81	18.87	5.64	20.6	22.62	2.37	-23.26	38.08	42.78	16.66	24.87	-42.39	27.17
x46	1.8	1.8	24.15	1.8	-40.11	11.82	-23.6	1.8	9.24	1.8	14.83	1.8	-5.62	1.8	50.05	1.8	12.18	1.8	1.8	1.8	16.16	10.67	-21.31	1.8	1.8	1.8	16.92	-20.41	1.8	43.4	1.8	-13.57	42.08	72.3	-46.85	45.81	44.87	1.8	1.8	1.8	1.8	-20.75	1.8	-15.07	-34.54	1.8	1.8	1.8	-34.6	-3.01	-27.93	1.8	-8.92	1.8	1.8	1.8	20.9	21.73	1.8	1.8	1.8	1.8	1.8	1.8	-0.08	1.8	55.52	10.06	53.18	-49.1	1.8	1.8	1.8	1.8	-12.5	1.8	1.8	30.05	1.8	1.8	-21.96	-27.05	-5.63	-12.59	-16.47	0.48	-49.17	-34.15	1.8	1.8	-35.57	0.79	1.8	44.17	1.8	1.8	1.8	0.76	1.8	-17.61
x47	43.42	-11.92	23.02	0.63	2.84	-18.4	53.29	-26.41	-25.28	7.72	-25.31	4.99	-77.17	-23.11	3.72	15.98	-13.19	-65.82	-15.68	-11.04	8.66	0.55	-12.84	-1.71	-37.15	0.53	-29.68	5.77	0.66	-54.46	28.64	-74.75	-37.59	-83.24	20.16	-9.1	46.1	-3.32	-19.57	49.44	-41.27	-31.7	-61.01	-54.1	8.76	9.99	-55.58	4.41	-28.92	20.44	-20.15	-23.45	-2.81	-24.15	30.64	17.98	14.21	20.68	0.6	9.7	4.27	-1.69	-5.67	-44.58	6.31	-28.48	7.04	11.87	18.53	32.78	26.33	-41.32	-30.27	-32.09	-26.93	22.27	7.6	52.13	-17.9	-79.87	-20.44	45.14	-14.91	-12.85	27.39	-25.06	-31.39	-25.43	11.37	14.28	-21.19	-17.58	-36.97	3.51	59.95	48.69	-29	-27.31	-37.68	14.61
x48	22.53	5.14	-36.64	53.93	17.84	19.03	31.66	12.75	27.12	2.85	-14.01	-12.79	-51.92	24.07	-19.72	16.4	-36.67	-15.14	24.25	-23.51	8.2	-10.23	38.57	-45.52	0.65	37.61	45.62	32.07	-59.7	-1.56	28.67	-26.2	-2.91	1.8	10.72	-40.71	-25.89	23.55	-31.01	30.07	-18.69	-23.1	-51.58	25.29	39.94	-38.59	17.29	-44.06	-27.64	-6.05	19.55	-45.57	-15.59	-33.14	23.87	27.64	-35.57	-24.65	-36.35	-47.06	-21.22	-14.61	21.02	10.21	6.59	-42.72	-43.03	11.28	2.17	7.8	31.27	-16.42	13.75	-21.67	12.23	5.88	-9	0.89	-13.78	-1.32	-6.06	-22.86	12.71	-59.2	28.48	44.43	8.92	-5	-72.29	-58.75	-0.73	-50.9	-7.39	-4.83	9.38	37.79	11.05	-26.79	-16.91	-26.82
x49	4.53	21.95	16.58	26.17	80.55	9.17	-3.6	-37.49	-1.07	-36.4	-10.18	20.24	-51.1	-33.02	-61.73	53.64	-24.43	-17.14	-22.75	5.12	25.83	-10.03	-53.89	33.34	7	3.4	-35.07	15.4	8.79	-43.01	-2.55	39.71	4.72	-32.52	16.75	-3.29	-1.05	10.88	56.17	-8.29	-39	-18.41	-16.54	-28.39	-31.04	-26.18	-33.6	26.14	13.27	36.55	-26.31	23.67	20.16	50.47	5.82	19.42	-52.51	2.15	13.94	33.36	-3.32	6.69	-2.62	-21.28	-53.95	11.88	-24.3	-6.39	41.68	-40.2	-17.62	13.21	22	10.32	-79.18	1.82	-6.08	-31.24	-7.76	-1.63	-10.47	6.48	-16.77	13.37	21.3	5.5	22.73	-22.42	38.36	-2.04	72.28	28.98	7.75	-34.97	-16.07	16.12	0.12	6.61	12.95	54.06
x50	1.8	1.8	-24.16	1.8	-15.03	-27.68	22.48	1.8	50.62	1.8	12.16	1.8	25.73	1.8	15.98	1.8	-10.82	1.8	1.8	1.8	30.7	40.17	34.18	1.8	1.8	1.8	-40.12	-28.22	1.8	-9.71	1.8	-24.09	-6.38	-3.32	2.49	24.85	-6.99	1.8	1.8	1.8	1.8	22.51	1.8	-4.31	20.87	1.8	1.8	1.8	-25.93	-16.88	-9.11	1.8	-33.8	1.8	1.8	1.8	-18.33	19.49	1.8	1.8	1.8	1.8	1.8	1.8	-16.36	1.8	10.66	-27.78	-14.35	1.53	1.8	1.8	1.8	1.8	-28.7	1.8	1.8	-16.5	1.8	1.8	-1.36	-23.37	12.08	-22.93	-32.61	-5.53	6	-18.01	1.8	1.8	16.49	-28.81	1.8	-55.51	1.8	1.8	1.8	-2.22	1.8	29.2
x51	50.11	-25.55	-29.39	11.71	-42.33	-80.12	-2.55	18.49	12.49	27.33	51.35	39.32	-49.85	66.95	-29.21	26.13	14.3	8.27	13.28	43.27	-3.39	-24	44.96	78.07	-13.32	-48.32	-6.84	6.97	-21.23	-6.62	-24.02	-18.84	-4.34	20.8	18.47	-30.76	-13.15	-10.97	-17.62	-14.77	41.59	-50.71	30.53	-36.55	16.44	84.1	3.31	-21.99	4.11	-37	-3.95	-16.93	11.92	0.26	6.61	-72.63	29.84	-18.21	-31.69	-8.07	24.07	-16.59	6.15	33.86	33.16	-11	10.04	-46.83	-28.18	7.56	-2.25	-25.67	-37.97	-5.86	-68	5.55	-44.51	16.53	24.57	19.81	40.92	-25.61	-0.65	-14.55	2.87	-1.76	-10.1	-22.3	-34.4	9.21	8.89	5.6	-8.24	23.32	-20.94	-6.53	19.13	33.66	-13.02	-18.5
x52	1.8	1.8	40.79	1.8	-0.44	46.88	-25.69	1.8	18.51	1.8	-1.68	1.8	14.34	1.8	-20.64	1.8	-38.65	1.8	1.8	1.8	-14.44	77.19	-54.65	1.8	1.8	1.8	-15.68	-6.47	1.8	-43.55	1.8	-14.32	48.53	46.18	26.81	23.09	4.51	1.8	1.8	1.8	1.8	-12.96	1.8	47.31	-2.61	1.8	1.8	1.8	35.39	-7.04	27.54	1.8	48.72	1.8	1.8	1.8	35.89	-48.4	1.8	1.8	1.8	1.8	1.8	1.8	-8.23	1.8	2.26	-4.4	11.64	54.39	1.8	1.8	1.8	1.8	13.03	1.8	1.8	44.57	1.8	1.8	-41.3	33.49	37.69	23.91	-47.51	-10.94	-28.44	-12.75	1.8	1.8	8.13	-16.84	1.8	-16.99	1.8	1.8	1.8	1.39	1.8	-27.83
x53	1.8	1.8	21.01	1.8	7.1	-17.93	2.55	1.8	-35.18	1.8	31.78	1.8	-5.03	1.8	0.93	1.8	8.13	1.8	1.8	1.8	-33.69	33	30.94	1.8	1.8	1.8	-22.76	3.55	1.8	4.31	1.8	80.95	0.84	-19.17	-9.81	-14.66	-30.01	1.8	1.8	1.8	1.8	-79.92	1.8	-27.79	-25.29	1.8	1.8	1.8	-11.73	-22.89	8.88	1.8	-57.13	1.8	1.8	1.8	-40.49	27.55	1.8	1.8	1.8	1.8	1.8	1.8	-6.15	1.8	-36.31	52.48	-15.39	33.88	1.8	1.8	1.8	1.8	-1.65	1.8	1.8	-36.18	1.8	1.8	44.82	26.14	11.36	15.57	9.15	2.94	23.62	-10.72	1.8	1.8	35.78	-41.2	1.8	50.87	1.8	1.8	1.8	10.16	1.8	-19.34
x54	20.59	9.49	-10.91	-12.79	-36.83	15.32	-11.81	-10.01	25.61	-58.53	-13.36	-32.87	13.6	-2.25	6.41	1.16	-22.39	-48.23	1.2	6.02	-16.37	30.32	-7.17	-50.28	5.51	-32.23	45.14	-43.73	-0.32	20.43	12.67	-28.32	23.35	-47.49	10.4	15.24	7.57	7.58	-24.83	-51.55	3.15	10.48	2.53	37.86	16.52	-17.33	-17.06	14.32	24.75	0.31	-41.91	-1.03	-17.19	31.04	-38.07	0.54	-39.23	11.35	-11.7	-14.62	-21.28	2.03	-25.05	-11.5	4.12	14.49	3.92	-33.48	1.23	21.71	-26.32	-14.3	24.33	1.78	-23.68	-8.74	36.15	24.85	-6.44	-1.98	-22.87	3.99	28.46	-9.25	-4.83	56.95	10.17	2.57	-2.23	39.94	10.1	-4.58	33.67	-22.88	3.38	-2.92	-34.72	-42.34	4.9	-2.38
x55	-22.71	3.69	-1.74	30.59	-15.07	-0.21	17.12	-32.85	7.45	21.68	-39.53	27.51	-24.79	6.02	-21.19	24.37	1.16	-33.63	-34.4	22.08	-28.36	-24.49	16.66	-27.08	14.6	-48.32	15.36	-26.85	-18.66	-13.09	-23.3	-32.74	-20.47	52.15	1.33	24.66	3.83	28.15	-2.52	-24.88	2.3	26.89	-55.61	20.39	-24.87	-9.57	19.03	9.79	53.15	9.46	46.53	5.16	54.93	5.73	-1.39	45.04	-16.7	-1.61	12.84	37.47	-15.41	1.91	-28.62	-70.14	-46.45	40.58	15.36	-7.96	-7.41	0.02	-50.17	-9.73	4.72	-12.42	-19.85	54.68	12.37	26.36	19.04	-3.6	-17.77	-53.44	7.12	33.77	26.72	-17.64	-34.82	33.98	8.48	15.47	-62.27	-41.13	-48.55	2.23	-37.06	2.29	-68.84	38.48	28.26	5.69
x56	1.8	1.8	1.36	1.8	7.19	-9.79	65.78	1.8	-7.7	1.8	1.77	1.8	52.2	1.8	26.63	1.8	32.87	1.8	1.8	1.8	59.35	51.13	35.44	1.8	1.8	1.8	-1.48	-11.1	1.8	10.77	1.8	27.24	-16.65	3.21	32.07	34.39	-57.63	1.8	1.8	1.8	1.8	10.03	1.8	16.46	11.97	1.8	1.8	1.8	2.04	-54.99	-32.36	1.8	12.42	1.8	1.8	1.8	35.92	-26.02	1.8	1.8	1.8	1.8	1.8	1.8	-1.38	1.8	33.22	10.27	12.85	-26.91	1.8	1.8	1.8	1.8	-20.87	1.8	1.8	55.33	1.8	1.8	-8.3	3.03	11.66	2.93	-3.72	14.42	-1.94	-17.66	1.8	1.8	41.14	44.78	1.8	-42.41	1.8	1.8	1.8	-6.17	1.8	-37.77
x57	-13.43	-19.86	2.37	9.75	40.04	47.64	8.58	37.73	-25.8	-7.86	-45.89	24.25	-0.68	4.71	38.32	-3.04	7.19	-31.42	-31.83	37.04	-37.12	35.22	21.59	11.76	-5.41	51.79	13.95	-13.44	-41.02	-13.59	-4.3	1.32	-15.34	-23.46	-23.21	18.12	0.76	0.56	22.09	-21.17	-4.8	66.86	-28.76	20.68	34.52	0.1	-23.35	17.43	-36.94	10.51	-44.07	-42.32	-50.37	15.07	22.61	22.79	17.39	-38.54	20.18	71.14	-13.53	-5.84	15.72	-50.95	5.59	53.8	-1	19.45	16.08	-7.02	-3.15	-15.69	47.02	-2.31	12.04	12.45	39.95	-3.29	38.52	-14.14	-3.96	24.78	-8.1	-1.39	63.56	25.82	25.8	1.18	7.18	21.99	-32.27	-29.64	23.13	10.31	-37.24	-1.45	1.87	13.18	-17.12	37.19
x58	1.8	1.8	2.22	1.8	91.62	-1.19	15.71	1.8	13.35	1.8	42.61	1.8	9.32	1.8	15.27	1.8	30.53	1.8	1.8	1.8	-19.61	52.18	36.36	1.8	1.8	1.8	15.1	-19.94	1.8	-10.08	1.8	46.14	-12.22	-15.17	-5.35	-14.7	34.14	1.8	1.8	1.8	1.8	24.74	1.8	-57.13	6.24	1.8	1.8	1.8	-6.1	18.44	-29.96	1.8	49.27	1.8	1.8	1.8	-16.38	45.75	1.8	1.8	1.8	1.8	1.8	1.8	8.37	1.8	58.36	-2.3	40.87	35.85	1.8	1.8	1.8	1.8	-50.02	1.8	1.8	67.6	1.8	1.8	22.58	2.88	47.53	-17.38	-11.83	39.67	5.64	-17.1	1.8	1.8	-19.45	-14.8	1.8	3.83	1.8	1.8	1.8	-6.29	1.8	13.13
x59	-36.82	11.71	27.44	32.23	52.07	13.69	14.16	10.34	30.58	0.07	42.72	-23.11	36.09	46.43	26.82	-14.95	-36.41	7.38	90.31	30.13	-24.58	16.8	20.79	0.72	-11.19	-7.19	23.62	-12.89	-23	-20.91	-17.36	-29.49	-8.39	-0.28	-3.9	-7.45	14.19	-10.21	-28.14	-42.52	-22.28	17.35	10.81	42.45	-7.99	22.76	-32.29	9.61	16.44	-8.59	4.22	54.33	-2.88	-18.33	-8.63	17.69	1.97	-30.45	10.73	-23.1	-26.72	10.98	26.17	16.71	33.62	20.52	44.28	-18.78	6.05	-17.04	-8.38	12.64	-26.63	11.41	7.03	-23	21.59	-6.23	79.87	-6.47	2.79	38.34	25.07	-8.17	-50.52	24.81	22.76	2.94	-25.85	10.4	3.21	6.56	-8.75	-18.46	9.77	46.82	-1.73	-30.51	15.4	12.45
x60	65.05	0.67	-12.18	19.98	35.09	2.9	30.09	-35.88	2.45	29.21	16.08	-4.38	56.63	-12.28	-51.21	-25.97	45.22	-6.11	-2.33	45.13	37.69	7.21	10	33.26	18.49	19.42	-1.48	13.37	-23.86	-38.7	-12.15	-7.94	-29.91	-6.34	5.6	6.53	8.73	42.07	17.48	-10.31	-2.36	-23.27	1.7	-32.93	-3.18	-22.33	18.75	-0.82	-26.4	-16.54	-36.45	31.91	10.66	30.66	-56.68	24.1	1.45	-0.12	6.5	16.42	15.15	-21.48	9.67	52.34	37.8	-3.12	14.58	-19.9	-33.69	-11.15	-8.55	-67.23	22.02	-3.6	-24.96	-33.6	-58.79	12.66	-7.07	45.47	38.64	-46.87	9.94	-32.52	-27.18	4.8	-2.56	-2.09	-54.2	19.46	12.35	26.09	-51.51	49.61	-43	3.7	-27.2	12.25	9.01	-7.23
x61	-0.92	6.98	-3.81	-38.34	-10.86	-26.28	16.87	-11.36	-1.72	-43.6	52.75	-34.61	-0.51	2.07	-16.45	-50.89	16.95	-29.61	-27.5	-16.54	-37.52	36.53	-5.7	-30.3	-3.84	-7.83	-41.28	-49.75	56.7	-9.9	-14.23	-36.05	-46.13	-23.48	-10.53	-47.68	5.56	44.38	-13.4	4.22	5.93	22.99	14.27	-46	17.26	24.67	25.83	-25.88	-48.67	-32.29	39.09	-13.03	4.73	-38.72	-6	37.91	-28.49	-25.75	-57.56	30.61	-78.2	6.24	-7.1	24.06	-9.85	-28.98	10.42	-2.12	67.32	14.57	0.91	19.6	-24.03	27.44	-20.95	31.24	-45.77	36.25	19.55	-19.15	25.09	36.74	19.19	76.45	-59.49	-45.87	8.64	-36.79	31.23	8.67	18.88	-27	-51.86	-21.65	-26.6	-61.81	53.12	17.49	39.82	41.84
x62	-16.22	-18.64	3.46	15.71	-57.76	2.95	-62.75	-16.01	20.35	-17.2	8.86	-31.75	-43.04	39.42	0.4	6.03	-12.95	15.63	-13.45	4.03	34.02	-17.09	9	5.91	5.44	64.59	-26.85	9.02	16.1	-12.27	-28.71	-14.69	-47.41	8.92	1.43	-34.9	-6.97	-7.89	21.57	18.35	46.21	-8.36	-37	-7.21	-52.15	25.99	24.51	-50.85	56.05	-0.93	-2.9	43.46	66.93	39.03	1.59	-8.92	-0.54	-55.97	-26.77	-14.5	25.21	-9.09	21.12	43.23	-9.94	-0.58	-13.11	22.97	-37.39	13.31	3.17	-27.44	-19.34	-48.35	-6.17	-60.61	-26.07	30	-33.89	34.7	7.83	-20.29	2.95	-27.68	7.14	-10.46	21.68	45.8	28.35	-1.38	14.48	57.01	0.04	32.92	60.21	30.31	6.1	10.99	-14.7	90.95
x63	1.8	1.8	8.93	1.8	-28.93	-13.13	15.65	1.8	-33.66	1.8	35.3	1.8	-24.42	1.8	4.52	1.8	16.3	1.8	1.8	1.8	-9.82	33.92	23.63	1.8	1.8	1.8	0.22	-12.14	1.8	37.82	1.8	1.02	-11.97	1.6	-13.66	35.39	-11.93	1.8	1.8	1.8	1.8	-1.75	1.8	-49.38	-13.2	1.8	1.8	1.8	-20.39	15	-11.16	1.8	-24.8	1.8	1.8	1.8	-11.78	42.66	1.8	1.8	1.8	1.8	1.8	1.8	-26.6	1.8	1.02	-47.06	2.38	-41.57	1.8	1.8	1.8	1.8	9.87	1.8	1.8	32.16	1.8	1.8	-11.45	-0.66	68.03	-19.32	-22.02	-4.08	37.67	-19.59	1.8	1.8	30.32	-31.58	1.8	-12.17	1.8	1.8	1.8	-13.89	1.8	-22.4
x64	1.8	1.8	23.92	1.8	-51.91	27.35	-18.3	1.8	-40.81	1.8	-71.43	1.8	-15.99	1.8	-11.55	1.8	21.91	1.8	1.8	1.8	-30.9	39.65	21.96	1.8	1.8	1.8	38.49	7.48	1.8	-13.01	1.8	29.77	-8.06	-4.67	-13.53	-4.05	10.67	1.8	1.8	1.8	1.8	-3.68	1.8	-29.26	-7.47	1.8	1.8	1.8	-57.44	-50.99	-9.76	1.8	8.48	1.8	1.8	1.8	8.71	51.76	1.8	1.8	1.8	1.8	1.8	1.8	18.21	1.8	31.93	46.59	-37.79	11.72	1.8	1.8	1.8	1.8	3.69	1.8	1.8	-63.73	1.8	1.8	14.44	-27.13	13.84	10.77	16.96	-46.31	25.75	-19.73	1.8	1.8	11.6	5.05	1.8	-15.63	1.8	1.8	1.8	-17.07	1.8	23.86
x65	6.46	30.58	53.88	-7.06	39.02	16.16	-16.87	9.92	-40.23	-26.09	40.03	21.43	-17	51.9	-42.81	-14.73	-31.84	-30.93	-4.3	-45.39	-1.58	-4.99	-32.55	2.88	-59.2	42.24	-29.44	72.24	-2.53	6.59	-15.7	1.52	-23.2	49.66	12.06	-48.9	-19.45	0.11	-54.28	-28.52	-24.28	21.82	26.72	-12.43	-93.13	-25.2	-52.64	-33.06	5.9	3.5	-3.96	20.3	40.68	-17.89	1.41	23.35	53.82	8.92	-48.2	35.05	33.96	-50.13	-25.72	-32.61	-2.2	43.7	-63.36	-27.49	71.35	-14.82	-16.34	-15.89	-28.06	16.5	13.26	-0.07	-66.98	-24.51	14.99	-12.45	-41.42	10.41	-39.13	-36.54	28.17	46.74	73.92	-9.69	-10.06	35.54	30.7	56.25	0.21	3.33	48.59	1.34	-30.69	51.34	-54.78	-36.67
x66	-2.76	-25.66	43.27	0.39	-1.55	-37.99	-18.81	-6.81	10.93	-13.67	67.23	4.03	5.08	-8.34	-0.93	30.57	-28.38	-3.98	-16.84	-5.14	-30.5	4.26	-7.57	-22.63	-54.69	-67.01	13.33	58.5	4.87	20.49	29.44	0.82	7.7	11.09	28.89	-7.02	33.33	-73.55	-23.65	8.57	26.44	21	-6.78	-0.85	37.58	54.41	-34.29	-11.51	-6.69	-4.12	-2.56	-50.7	-4.96	-7.68	35.29	-1.87	39.07	-35.92	5.23	11.39	49.3	-55.67	32.87	2.49	-51.37	-40.39	17.98	1.92	27.13	-1.92	-0.71	4.7	-0.72	20.99	51.3	40.95	-20.41	-20.58	0.03	53.6	29.41	-9.66	-5.98	32.88	-22.44	25.11	0.36	53.02	-6.83	7.92	-64.38	-39.65	74.1	21.61	19.99	-10.32	14.61	-40.18	-27.06	-46.23
x67	4.62	-10.22	14.3	-12.42	-15.09	-31.48	17.16	16.69	35.46	35.54	-44.05	7.06	9.47	-19.89	11.57	10.14	-13.38	-32.61	3.8	27.01	5.56	-24.84	11.74	-38.38	-26.85	34.9	4.11	25.84	-11.68	53.46	23.29	1.33	-47.98	32.39	13.8	12.42	38.94	-8.06	57.53	19.65	-1.11	-21.14	50.44	-34.38	9.96	-11.35	-42.68	22.72	3.7	5.31	24.96	15.89	-35.57	-17.17	23.43	11.69	-15.34	-32.77	6.73	30.49	36.22	77.93	19.69	0.37	4.93	65.69	-27.01	-37.44	3.89	-36.57	14.27	2.3	7.83	-18.2	5.42	37.96	24.97	0.78	32.14	-32.57	15.42	-22.17	0.92	-7.26	-29.37	-18.47	-17.99	18.45	1.13	32.85	-25.67	21.46	0.25	3.62	-21.98	6.88	-53.37	18.95	-4.07	-24.42
x68	37.48	-18.47	-4.31	2.5	-5.6	18.31	11.3	5.55	-43.65	1.23	18.94	-12.56	-9.44	12.97	-17.96	-73.92	-3.29	-35.06	-10.15	-15.23	28.11	11.43	-32.3	28.08	-21.44	-9	34.62	-11.28	-36.94	-34.61	20.63	7.8	-69.38	-4.1	21.62	44.11	-47.93	43.4	15.88	23.02	-24.63	-10.23	27.37	15.32	45.6	54.03	-23.67	-38.53	-5.49	-57.17	-13.8	-26.79	12.89	8.48	40.74	-12.09	7.65	9.64	29.75	-3.53	59.54	-28.09	28.9	-9.62	13.03	32.37	61.33	2.37	-5.89	-21.12	63.84	-12.42	-32.98	-21.86	-12.09	-67.1	-23.26	-8.66	-35.64	32.56	6.9	2.33	-6.04	37.66	-29.78	26.74	6.55	-14.04	9.44	-26.03	-43.66	3.15	30.2	63.84	-39.42	100	-1.86	2.19	10.43	37.65
x69	1.8	1.8	19.35	1.8	-29.69	31.5	23.76	1.8	-34.17	1.8	47.97	1.8	-9.65	1.8	14.67	1.8	41.26	1.8	1.8	1.8	14.9	12.58	17.8	1.8	1.8	1.8	-7.56	-15.16	1.8	-6.73	1.8	-26.03	10.86	2.27	12.57	4.85	58.74	1.8	1.8	1.8	1.8	24.16	1.8	-35.52	51.06	1.8	1.8	1.8	10.7	-20.93	-45.76	1.8	-46.49	1.8	1.8	1.8	40.96	-10.66	1.8	1.8	1.8	1.8	1.8	1.8	-18.32	1.8	33.67	-18.24	-34.7	-28.5	1.8	1.8	1.8	1.8	44.66	1.8	1.8	46.94	1.8	1.8	5.17	-52.71	-25.7	27.01	10.45	-1.66	42.53	34.12	1.8	1.8	7.69	28	1.8	-31.05	1.8	1.8	1.8	-3.53	1.8	-12.38
x70	1.8	1.8	-7.24	1.8	-9.8	41.65	-29.64	1.8	22.04	1.8	23.14	1.8	3.94	1.8	-9.48	1.8	6.53	1.8	1.8	1.8	13.82	-31.85	4.38	1.8	1.8	1.8	-28.41	16.58	1.8	-18.27	1.8	33.38	-51.15	12.79	15.81	44.73	22.23	1.8	1.8	1.8	1.8	31.82	1.8	0.26	7.63	1.8	1.8	1.8	-21.12	-9.01	8.15	1.8	-10.64	1.8	1.8	1.8	39.77	50.68	1.8	1.8	1.8	1.8	1.8	1.8	9.03	1.8	-22.06	56.79	9.46	-3.95	1.8	1.8	1.8	1.8	12.38	1.8	1.8	-3.66	1.8	1.8	31.82	9.8	-8.1	-1.52	21.71	1.52	-20.24	-45.17	1.8	1.8	-0.37	-9	1.8	18.43	1.8	1.8	1.8	-15.8	1.8	21.3
x71	-14.38	-24.22	11.79	0.88	7.66	-38.67	5.08	14.82	14.24	-47.4	12.87	35.88	-16.81	5.69	-2.51	-26.45	-20.5	56.24	18.81	-6.18	-17.99	-32.98	1.84	24.18	-9.54	-2.93	-43.7	5.83	45.48	41.48	-48.18	-5.75	-2.84	42.42	4.42	-55.99	17.65	-13.08	18.49	-11.94	-2.09	46.25	-5.47	2.93	25.01	-24.55	-79.71	38.32	-15.5	-12.64	31.14	6.38	29.38	46.21	-54.28	27.11	26.36	39.32	-35.34	57.75	44.74	44.26	-21.39	34.82	-6.22	-44.86	14.89	7.44	-46.69	-30.51	4.79	-15.82	-16.5	-26.4	37.45	-46.83	-13.7	9.99	11.72	-41.99	30.51	-12.9	10.68	9.5	-61.7	13.61	9.9	37.12	-13.15	58.82	45.96	47.94	-1.9	25.79	-21.78	42.08	-69.19	-32.14	-21.96	3.1
x72	1.8	1.8	-25.18	1.8	1.11	5.57	-9.28	1.8	11.86	1.8	-29.02	1.8	-38.55	1.8	-11.67	1.8	-5.65	1.8	1.8	1.8	-5.14	-9.47	28.16	1.8	1.8	1.8	68.26	-31.32	1.8	0.28	1.8	-8.78	41.24	-10.15	-22.79	-11.39	-22.22	1.8	1.8	1.8	1.8	-24.85	1.8	56.26	6.77	1.8	1.8	1.8	8.4	25.08	11.91	1.8	32.5	1.8	1.8	1.8	6.15	-30.1	1.8	1.8	1.8	1.8	1.8	1.8	-12.49	1.8	24.09	17.44	3.48	-17.97	1.8	1.8	1.8	1.8	-5.41	1.8	1.8	-6.46	1.8	1.8	28.39	-37.44	0.9	-43.24	0.98	-33.97	19.13	-19.31	1.8	1.8	-4.37	-15.87	1.8	-37.81	1.8	1.8	1.8	69.19	1.8	6.62
x73	1.8	1.8	-37.44	1.8	59.99	-18.22	-50.83	1.8	-36.99	1.8	3.38	1.8	23.44	1.8	2.08	1.8	34.44	1.8	1.8	1.8	0.58	-23.84	40.08	1.8	1.8	1.8	43.59	-58.57	1.8	48.37	1.8	22.2	53.57	45.22	21.06	21.42	-0.63	1.8	1.8	1.8	1.8	-21.76	1.8	-7.7	-24.73	1.8	1.8	1.8	-0.64	18.37	-7.79	1.8	-12.45	1.8	1.8	1.8	55.04	32.01	1.8	1.8	1.8	1.8	1.8	1.8	-41.23	1.8	23.22	-8.95	12.98	-7.16	1.8	1.8	1.8	1.8	6.99	1.8	1.8	4.68	1.8	1.8	-63.38	28.09	35.07	24.05	-5.86	29.74	-34.5	43.91	1.8	1.8	17.17	1.41	1.8	29.49	1.8	1.8	1.8	-62.75	1.8	-10.64
x74	1.8	1.8	23.63	1.8	-11.47	51.9	-23.11	1.8	25.48	1.8	17.35	1.8	3.33	1.8	14.78	1.8	56.66	1.8	1.8	1.8	-7.76	15.87	-17.11	1.8	1.8	1.8	-14.71	1.56	1.8	24.33	1.8	-37.85	33.66	13.74	-26.44	0.24	54.79	1.8	1.8	1.8	1.8	-31.23	1.8	15.33	81.69	1.8	1.8	1.8	8.48	7.64	20.66	1.8	39.67	1.8	1.8	1.8	-29.12	1.26	1.8	1.8	1.8	1.8	1.8	1.8	9.99	1.8	-3.19	32.73	40.37	-6.51	1.8	1.8	1.8	1.8	24.81	1.8	1.8	-29	1.8	1.8	-34.16	-58.56	65.59	12.93	8.32	12.34	32.89	-19.07	1.8	1.8	22.45	8.92	1.8	-20.33	1.8	1.8	1.8	16.4	1.8	11.61
x75	1.8	1.8	-38.32	1.8	62.69	-40.59	-20.27	1.8	43.06	1.8	18.78	1.8	11.7	1.8	-11.72	1.8	-12.31	1.8	1.8	1.8	15.53	-12.18	38.85	1.8	1.8	1.8	21.75	-9.02	1.8	19.89	1.8	37.25	26.47	3.98	-36.8	-16.19	43.43	1.8	1.8	1.8	1.8	-0.37	1.8	-6.29	24.46	1.8	1.8	1.8	23.62	-4.89	3.28	1.8	-0.23	1.8	1.8	1.8	22.72	-12.63	1.8	1.8	1.8	1.8	1.8	1.8	4.84	1.8	32.86	23.07	-42.93	-12.6	1.8	1.8	1.8	1.8	-6.61	1.8	1.8	25.55	1.8	1.8	33.85	6.03	-25.93	-25.13	0.36	-34.67	-4.17	20.51	1.8	1.8	-9.14	9.3	1.8	-36.35	1.8	1.8	1.8	-52.26	1.8	32.27
x76	1.8	1.8	-55.63	1.8	-29.21	-37.05	-9.89	1.8	-55.62	1.8	18.17	1.8	33.57	1.8	-19.06	1.8	-0.78	1.8	1.8	1.8	-22.18	-16.5	4.43	1.8	1.8	1.8	-29.2	30.53	1.8	33.99	1.8	-2.56	-22.18	-51.16	-19.13	-7.84	20.97	1.8	1.8	1.8	1.8	9.66	1.8	-27.42	11.51	1.8	1.8	1.8	-40.38	-23.29	12.73	1.8	17.14	1.8	1.8	1.8	-27.97	-16.84	1.8	1.8	1.8	1.8	1.8	1.8	-18.13	1.8	6.06	21.86	-65.93	-18.19	1.8	1.8	1.8	1.8	-12.99	1.8	1.8	-70.11	1.8	1.8	52.34	24.4	4.37	12.27	-3.7	21.68	-2.52	43.26	1.8	1.8	3.88	58.25	1.8	-19.69	1.8	1.8	1.8	-5.65	1.8	30.44
x77	1.8	1.8	-42.71	1.8	-25.02	-20.28	42.69	1.8	16.24	1.8	60.83	1.8	-15.58	1.8	-14.68	1.8	19.51	1.8	1.8	1.8	-1.85	-33.93	8.72	1.8	1.8	1.8	12.62	-31.76	1.8	29.07	1.8	-20.47	-11.87	30.14	36.35	1.88	-24.69	1.8	1.8	1.8	1.8	1.76	1.8	-6.29	-29.15	1.8	1.8	1.8	-24.1	33.06	-11.83	1.8	-56.69	1.8	1.8	1.8	3.23	26.2	1.8	1.8	1.8	1.8	1.8	1.8	-27.27	1.8	7.08	-1.65	14.77	-21.33	1.8	1.8	1.8	1.8	35.41	1.8	1.8	-46.82	1.8	1.8	-46.81	23.85	3.4	23.36	-47.38	17.98	51.5	-22.43	1.8	1.8	16.48	-9.86	1.8	12.12	1.8	1.8	1.8	-26.28	1.8	-11.29
x78	22.74	30.15	-5.59	60.39	-42.48	3.57	-21.08	35.52	-19.35	-17.52	-40.15	-4.27	-0.66	16	-36.37	13.15	11.44	2.81	-9.54	-12.36	27.75	-13.5	31.84	20.96	-18.04	7.72	11.19	18.91	24.01	-7.84	-16.25	-14.61	42.67	-12.93	16.86	-0.19	12.77	-2.22	-43.87	81.75	-52.69	45.67	-50.48	46.73	-10.74	-7.51	-13.54	-37.95	-21.83	12.89	50.2	-49.91	0.41	39.93	29.56	33.64	-37.44	0.27	37.63	55.27	20.97	-0.72	72.87	13.53	-59.17	-37.29	6.99	-20.42	-11.49	12.29	12.14	-11.21	25.32	-43.03	-29.34	3.94	45.2	12.42	-18.7	-9.27	15.79	12.84	26.91	-51.73	-25.93	-19.77	-2.56	0.32	-4.21	-41.22	-21.67	-38.43	-21.39	0.15	47.52	-31.81	-36.14	-17.3	-27.25	-10.08
x79	1.8	1.8	46.81	1.8	53.92	0.89	-14.13	1.8	22.56	1.8	-42.87	1.8	31.18	1.8	-15.18	1.8	10.78	1.8	1.8	1.8	-10.51	20.82	-51.03	1.8	1.8	1.8	40.26	32.66	1.8	28.8	1.8	-34.42	22.37	0.86	-43	-28.53	3.76	1.8	1.8	1.8	1.8	-2.95	1.8	61.77	46.19	1.8	1.8	1.8	-19.98	8.13	28.95	1.8	3.58	1.8	1.8	1.8	-20.95	7.09	1.8	1.8	1.8	1.8	1.8	1.8	-61.13	1.8	-53.15	-20.57	-20.44	-53.8	1.8	1.8	1.8	1.8	2.73	1.8	1.8	30.08	1.8	1.8	-18.36	22.59	-2.52	-64.2	25.43	-34.99	-3.05	-16.51	1.8	1.8	2.59	28.37	1.8	45.37	1.8	1.8	1.8	14.49	1.8	-7.45
x80	16.54	-46.67	-5.53	-37.32	17.22	2.65	31.91	-37.82	26.87	32.15	8.01	-16.15	-18.29	1.53	-11.68	3.57	-12.62	-20.76	10.56	-49.8	-85.63	30.93	1.94	27.93	26.51	-3.79	28.18	-1.06	2.95	-17.9	-7.24	14.46	19.74	0.15	-10.3	-38.48	18.95	-60.54	12.06	37.11	13.99	6.86	32.95	23.25	-20.58	-29.25	-39.1	55.42	-8.59	23.46	40.5	-3.05	18.72	-2.69	64.71	42.2	8.79	15.9	22.05	-11.26	-23.85	9.72	-28.14	11.71	-3.05	15.11	31.42	-15.53	-2.8	19.23	-2.35	43.2	-17.21	-1.36	-4.63	3.52	-29.5	-51.74	25.99	3.99	-5.72	33.35	28.7	-14.98	17.68	67.78	-4.51	-43.95	-41.65	-48.23	-60.38	20.15	-34.09	3.57	23.73	-10.72	26.26	17.06	-20.4	28.65
x81	1.8	1.8	17.93	1.8	-1.97	-44.57	-22.51	1.8	29.35	1.8	-8.9	1.8	-20.05	1.8	21.01	1.8	25.53	1.8	1.8	1.8	41.87	-7.57	-28.58	1.8	1.8	1.8	12.39	11.3	1.8	-46.76	1.8	-6.17	-12.69	5.98	9.5	-42.64	2.29	1.8	1.8	1.8	1.8	-26.32	1.8	-12.54	16.29	1.8	1.8	1.8	-8.03	2.46	35.67	1.8	-15.09	1.8	1.8	1.8	18.54	-8.36	1.8	1.8	1.8	1.8	1.8	1.8	-4.9	1.8	-13.31	-34.95	-3.47	17.53	1.8	1.8	1.8	1.8	40.29	1.8	1.8	23.33	1.8	1.8	-16.38	-25.66	-26.39	1.04	16.3	-0.45	-15.28	52.82	1.8	1.8	0.47	-74.37	1.8	-8.79	1.8	1.8	1.8	-0.52	1.8	-34.03
x82	1.8	1.8	10.7	1.8	69.75	-20.43	18.9	1.8	50.44	1.8	-5.36	1.8	0.7	1.8	23.99	1.8	-11.53	1.8	1.8	1.8	31.28	-18.12	13.21	1.8	1.8	1.8	-22.28	-9.37	1.8	-9.06	1.8	39.27	-16.47	38.99	-3.43	21.28	5.22	1.8	1.8	1.8	1.8	61.57	1.8	-31.13	-18.88	1.8	1.8	1.8	-4.07	40.01	0.55	1.8	15.76	1.8	1.8	1.8	22.74	-0.86	1.8	1.8	1.8	1.8	1.8	1.8	41.94	1.8	-15.71	12.5	14.53	-24.79	1.8	1.8	1.8	1.8	26.65	1.8	1.8	45	1.8	1.8	49.68	7.39	100	59.55	-10.37	-8.89	50.69	-29.15	1.8	1.8	7.87	-23.24	1.8	-49.03	1.8	1.8	1.8	69.25	1.8	-8.31
x83	-1.72	-30.14	5.87	-20.02	-23.25	24.48	67.48	13.34	-42.55	66.3	20.41	-27.46	22.26	-52.06	6.4	58.56	11.12	12.05	-28.11	20.15	-34.97	28.88	-25.9	44.33	-45.4	14.38	11.16	28.2	-56.89	-35.45	16.39	-19.76	10.8	3.07	8.75	23.96	2.23	-57.26	9.95	-78.33	56.52	-25.08	39.15	33.12	20.32	-5.1	-19.1	-32.82	-46	-28.54	-46.1	21.43	32.69	-44.61	17.09	-49.38	45.24	-3.21	-8.47	-17.52	5.22	-50.77	-28.15	14.6	-13.15	17.7	-12.13	-19.07	-29.4	32.2	0.97	58.79	-24.61	2.36	31.65	-9.11	19.34	-5.94	-32.3	-19.19	9.23	-59.62	47.01	2.12	-31.87	-20.86	-23.34	2.88	17.73	-26.86	-31.44	7.5	-42.65	-29.94	-27.25	57.48	37.52	4.29	26.79	14.24
x84	1.8	1.8	2.04	1.8	-23.07	6.23	9.75	1.8	5.42	1.8	59.59	1.8	15.89	1.8	24.83	1.8	-17.77	1.8	1.8	1.8	-31.92	-16.08	-2.25	1.8	1.8	1.8	-2.2	-32.13	1.8	-3.66	1.8	-9.03	24.41	-10.04	10.87	4.83	-23.82	1.8	1.8	1.8	1.8	3.36	1.8	32.14	-4.16	1.8	1.8	1.8	45.51	-2.96	21.09	1.8	-5.65	1.8	1.8	1.8	-18.58	-14.91	1.8	1.8	1.8	1.8	1.8	1.8	1.41	1.8	10.57	-46.66	30.2	-34.07	1.8	1.8	1.8	1.8	9.82	1.8	1.8	21.31	1.8	1.8	49.47	-11.17	3.81	-64.57	56.64	5.22	-11.45	23.77	1.8	1.8	-3.28	-12.87	1.8	19.84	1.8	1.8	1.8	-3.03	1.8	15.67
x85	0.22	-37.66	18.9	-21.57	-9.33	31.59	-5.28	28.05	7.44	-20.78	-10.27	57.61	-7.88	19.21	-25.09	12.96	20.09	83.32	-20.35	29.29	57.19	-7.96	33.6	-44.12	-23.6	10.34	-3.95	-8.37	-9.52	1.59	-41.26	-31.04	-41.16	13.04	3.22	5.63	-3.21	27.44	82.05	16.52	41.23	34.57	-66.53	-21.93	-9.68	-12.01	11.62	-5.7	-4.97	-1.27	-38.93	-49.67	-2.57	-18.23	-0.89	-21.24	-12.88	21.69	7.42	-30.17	-18.23	-21.08	-16.09	-7.47	75.36	3.28	-5.25	-11.12	-14.78	-3.28	-40.23	31.28	33.8	45.53	31.3	11.4	-37.12	32	-31	3.2	-57.03	-16.25	23.87	-9.78	-27.88	10.29	-38.34	18.71	46.21	62.21	-15.52	-24.14	-25.88	13.14	-43.88	-2.31	9.58	3.78	46.8	-23.86
x86	1.8	1.8	10.83	1.8	-59.4	38.99	16.69	1.8	8.47	1.8	91.75	1.8	-15.52	1.8	-11.87	1.8	-11.78	1.8	1.8	1.8	5.59	20.67	-39.64	1.8	1.8	1.8	10.95	-0.14	1.8	2.09	1.8	73	-4.92	21.11	16.52	-27.33	8.77	1.8	1.8	1.8	1.8	14.17	1.8	66.46	-2	1.8	1.8	1.8	2.57	-58.91	28.63	1.8	20.22	1.8	1.8	1.8	29.55	33.53	1.8	1.8	1.8	1.8	1.8	1.8	22.19	1.8	-21.23	21.12	33.98	-27.08	1.8	1.8	1.8	1.8	0.07	1.8	1.8	12.69	1.8	1.8	-7.61	-34.81	3.73	47.56	-4.1	0.96	33.64	38.8	1.8	1.8	-75.69	18.97	1.8	-44.45	1.8	1.8	1.8	-39.58	1.8	2.36
x87	1.8	1.8	-20.85	1.8	-49.32	35.17	6.94	1.8	23.32	1.8	-36.08	1.8	-61.12	1.8	19.27	1.8	-24.3	1.8	1.8	1.8	-7.34	-14.8	-25.8	1.8	1.8	1.8	-0.19	27.11	1.8	33.88	1.8	-43.53	-24.51	-33.26	28.8	-23.26	22.44	1.8	1.8	1.8	1.8	7.21	1.8	-12.01	-10.69	1.8	1.8	1.8	15.8	-17.93	23.3	1.8	-33.09	1.8	1.8	1.8	-19.25	-29.95	1.8	1.8	1.8	1.8	1.8	1.8	-44.1	1.8	-23.3	-20.46	60.55	21.23	1.8	1.8	1.8	1.8	54.41	1.8	1.8	-38.89	1.8	1.8	-24.82	-14.46	9.07	-9.99	17.36	-21.64	-23.55	-3.03	1.8	1.8	21.44	-20.49	1.8	-3.92	1.8	1.8	1.8	-30.23	1.8	-0.73
x88	1.8	1.8	-54.13	1.8	5.39	-18.58	-15.35	1.8	-41.37	1.8	-2.33	1.8	-48.31	1.8	-13.43	1.8	-22.38	1.8	1.8	1.8	-29.71	-32.93	13.44	1.8	1.8	1.8	0.59	43.49	1.8	-29.88	1.8	22.88	81.97	47.35	43.26	20.56	19.78	1.8	1.8	1.8	1.8	-52.53	1.8	61.08	52.04	1.8	1.8	1.8	51.25	31.35	37.99	1.8	29.25	1.8	1.8	1.8	17.96	-27.11	1.8	1.8	1.8	1.8	1.8	1.8	19.46	1.8	-28.79	9.41	28.93	7.61	1.8	1.8	1.8	1.8	5.57	1.8	1.8	1.38	1.8	1.8	28.76	32.26	12.69	52.29	13.91	17.71	-5.24	-2.87	1.8	1.8	6.34	-18.05	1.8	-13.16	1.8	1.8	1.8	6.37	1.8	-13.34
x89	1.8	1.8	-28.35	1.8	8.99	-8.02	-11.46	1.8	6.66	1.8	43.02	1.8	30.03	1.8	3.53	1.8	-8.7	1.8	1.8	1.8	3.52	13.3	-24.1	1.8	1.8	1.8	32.63	-30.81	1.8	-1.84	1.8	25.1	-1.06	-6.5	-66.88	31	-5.62	1.8	1.8	1.8	1.8	-7.39	1.8	34.72	64.9	1.8	1.8	1.8	-11.55	4.14	69.47	1.8	-4.02	1.8	1.8	1.8	-0.05	30.15	1.8	1.8	1.8	1.8	1.8	1.8	36.41	1.8	-38.87	47.99	-39.4	1.32	1.8	1.8	1.8	1.8	47.15	1.8	1.8	-0.14	1.8	1.8	-9.42	-47.33	63.3	7.09	27.75	-10.05	-10.45	3.23	1.8	1.8	2.9	56.28	1.8	-50.16	1.8	1.8	1.8	10.65	1.8	-15.35
x90	-47.14	-8.98	-8.11	61.37	50.28	9.16	6.81	-21.27	-12.65	26.31	-16.94	-40.98	70.28	47.79	0.15	0.51	-17.3	13.29	18.52	36.98	-6.14	13.78	-56.15	8.72	7.97	15.44	5.33	49.04	-39.6	-64.65	-87.61	-7.73	-17.23	-20.34	15.86	-12.38	-7.02	-13.17	-20.54	6.26	-42.82	-48.76	62.84	-47.53	-51.9	41.42	35.3	-16.11	-19.55	2.6	-20.89	69.51	-10.2	2.91	9.22	-16.54	2.17	57.46	-31.28	27.14	39.13	-17.44	-3.08	-32.51	78.02	-13.17	-23.37	14.28	-20.62	45.61	-69.11	-50.68	70.7	-16.47	34.96	34.16	-33.24	-7.89	21.15	33.14	-16.61	43.9	-18.59	-0.67	-22.83	3.35	11	-32.39	9.21	-8.91	-36.7	-16.77	31.35	-33	5.32	-12.78	3.77	37.54	16.73	-6.18
x91	32.92	-34.12	4.83	6.53	15.56	-62.25	17.53	-12.34	5.08	15.51	-50.21	-5.68	-20.46	-15.1	5.54	-2.58	17.99	-16.64	12	-18.16	6.97	47.19	6.21	-45.97	18.2	-24.83	6.37	29.3	-0.21	-23.89	-26.7	-35.31	40.02	4.77	-58.81	25.89	-24.06	9.79	18.87	26.42	-51.53	-16.44	-14.56	-11.43	18.1	-32.55	48.33	28.28	18.73	43.81	12.38	14.52	-66.83	4.22	-2.91	-12.64	-19.9	-72.71	16.36	10.58	6.49	26.52	18.31	34.29	30.48	7.5	16.62	-11.44	-14.52	-28.8	-29.06	-33.81	66.63	-40.22	5.9	20.46	24.35	47.15	46.45	5.96	18.83	-1.24	52.75	-47.03	-11.93	3.17	-14.54	2.63	-65.49	-29.54	-9.95	20.58	27.93	-44.76	-23.59	12.77	8.25	-6.83	-10.18	84.07
x92	14.8	23.7	-21.34	15.01	21.87	24.03	16.7	25.15	-17.43	-7.56	5.83	-7.75	55.33	16.04	-40.79	23.71	-0.33	20.89	11.81	31.85	27.69	8.72	15.27	-15.4	-5.06	15.81	43.06	-17.95	-10.34	33.53	21.41	16.59	-25.49	29.76	34.2	-2.92	26.02	-22.09	-10.39	50.37	85.42	26.02	-41.26	-25.63	-1.36	-36.18	-30.27	5.51	13.43	27.63	-13.7	-73.28	-40.54	-19.34	6.55	28.11	11.21	17.9	16.72	-3.67	-8.26	73.56	-21.07	18.06	14.66	56.88	23.57	-49.26	-18.82	15.07	-13.63	12.68	21.14	30.66	62.46	15.77	-8.92	-18.17	-16.31	30.39	10.19	-40.84	27.11	16.17	52.01	18.42	-6.81	-32.03	-50.25	1.92	3.61	-29.87	2.5	45.67	-24.85	17.29	-13.49	36.12	21.87	-30.42
x93	1.8	1.8	-19.06	1.8	43.67	13.38	39.62	1.8	-24.45	1.8	8.41	1.8	5.77	1.8	19.33	1.8	8.92	1.8	1.8	1.8	-15.05	-24.7	3.31	1.8	1.8	1.8	-8.69	-30.62	1.8	-11.47	1.8	7.02	15.03	-28.5	39.53	-18.63	-40.09	1.8	1.8	1.8	1.8	-4.91	1.8	35.24	5.78	1.8	1.8	1.8	-50.31	-20.44	4.53	1.8	20.99	1.8	1.8	1.8	61.87	-23.48	1.8	1.8	1.8	1.8	1.8	1.8	-14.72	1.8	56.64	45.19	3.01	-21.04	1.8	1.8	1.8	1.8	2.67	1.8	1.8	25.65	1.8	1.8	-11	3.27	32.3	-64.57	3.83	-28.97	-16.36	-16.76	1.8	1.8	10	12.26	1.8	-1.23	1.8	1.8	1.8	8.82	1.8	35.25
x94	1.8	1.8	-87.8	1.8	-41.49	-53.04	-39.53	1.8	-33.53	1.8	-0.07	1.8	7.65	1.8	-1.19	1.8	3	1.8	1.8	1.8	5.65	-18.41	16.06	1.8	1.8	1.8	47.75	-3.91	1.8	11.82	1.8	7.7	-60.56	47.35	-15.57	-15.75	39.18	1.8	1.8	1.8	1.8	-0.99	1.8	13.32	19.12	1.8	1.8	1.8	20.61	-39.03	-2.09	1.8	-5.84	1.8	1.8	1.8	6.98	80.33	1.8	1.8	1.8	1.8	1.8	1.8	-17.23	1.8	18.51	-3.98	28.75	28.52	1.8	1.8	1.8	1.8	-3.51	1.8	1.8	-9.5	1.8	1.8	18.23	-27.04	-13.97	-16.67	-3.62	16.65	15.94	-3.42	1.8	1.8	12.54	-47.88	1.8	56.13	1.8	1.8	1.8	-0.34	1.8	51.46
x95	1.8	1.8	14.51	1.8	15.64	33.34	-13.12	1.8	-22.69	1.8	-20.71	1.8	-7.5	1.8	12.79	1.8	-54.28	1.8	1.8	1.8	-2.68	-27.53	22.53	1.8	1.8	1.8	41.1	-44.36	1.8	-72.12	1.8	-30.04	-6.56	27.28	-40.72	36.43	9.03	1.8	1.8	1.8	1.8	1.32	1.8	64.71	36.83	1.8	1.8	1.8	54.58	-41.6	-100	1.8	-15.61	1.8	1.8	1.8	55.72	-9.64	1.8	1.8	1.8	1.8	1.8	1.8	30.03	1.8	-6.2	26.48	-12.22	2.96	1.8	1.8	1.8	1.8	-19.53	1.8	1.8	-56.18	1.8	1.8	0.46	10.65	3.19	65.16	-26.18	-17.89	-40.87	13.54	1.8	1.8	-57.88	4.83	1.8	42.67	1.8	1.8	1.8	-7.86	1.8	-53.23
x96	1.8	1.8	35.76	1.8	-18.12	26.19	-2.5	1.8	29.89	1.8	7.16	1.8	-38.49	1.8	16.28	1.8	-3.5	1.8	1.8	1.8	-7.54	32.48	-0.1	1.8	1.8	1.8	-23.45	-4.18	1.8	7.71	1.8	17.89	-36.3	15.46	-61.43	46.68	17.24	1.8	1.8	1.8	1.8	39.32	1.8	25.79	-4.57	1.8	1.8	1.8	-58.1	-4.24	-17.62	1.8	-11.63	1.8	1.8	1.8	2.22	-20.84	1.8	1.8	1.8	1.8	1.8	1.8	-17.93	1.8	-36.44	16.91	-11.35	10.34	1.8	1.8	1.8	1.8	44.81	1.8	1.8	-6.41	1.8	1.8	17.27	-48.52	13.1	45.53	-44.61	-54.94	55.06	23.96	1.8	1.8	-4.86	6.96	1.8	-18.62	1.8	1.8	1.8	-63.89	1.8	4.25
x97	-30.39	-25.59	-25.8	2.38	13.6	41.63	-11.42	-15.43	-8.36	20.74	-26.43	-13.71	8.44	92.86	-66.06	-1.24	6.26	41.23	-27.98	9.53	25.24	26.57	-2.83	3.98	19.06	25.86	-0.74	-2.86	37.15	47.56	-7.41	-7.76	59.61	-20.61	49.97	33.39	-3.48	32.56	4.1	-17.56	-9.68	58.68	-0.55	70.45	-8.72	-4.64	-28.58	28.06	21.62	-6.89	-36.81	19.71	72.3	-26.71	7.08	-6.52	-15.56	23.63	24.13	22.85	38.94	52.43	-2.81	66.32	-4.54	-18.54	17.44	-27.06	-16.55	10.23	-39.37	-9.22	9.72	-54.57	-10.21	3.52	6.53	33.9	-7.5	-18.94	-53.51	14.27	-73.7	8.81	37.54	5.45	-39.29	-46.39	-11.51	37.4	12.4	-25.86	36.57	-14.08	59.25	-7.96	1.59	-5.64	-38.03	-7.1
x98	-23.55	11.38	67.33	31.26	60.69	21.28	-53.66	32.25	46.91	20.57	-10.81	43.61	-17.14	-42.45	-13.87	12.75	5.87	-29.52	33.17	3.07	28.93	57.92	33.35	13.9	51.3	8.7	54.31	-20.77	0.37	25.38	-67.71	12.47	-26.97	-13.07	44.69	-13.51	49.86	7.26	-38.35	-10.67	-9.51	21.55	35.76	35.57	-3.1	3.42	-16.49	4.27	-8.3	-6.33	21.29	12.77	34.11	-14.13	-24.98	43.66	-15.24	48.79	11.34	0.97	-17.37	4.45	-22.8	27.51	18.23	-58.73	30.17	11.77	7.01	40.11	-17.67	-37.72	2.65	19.39	-11.05	8.98	-6.79	38.91	-27.27	-50.7	-45.94	-23.89	-25.33	-45.08	-19.66	-23.77	-3.42	-25.37	-1.85	3.46	22.67	-64.25	-74.01	-20.02	-21.42	35.45	-17.14	-25.19	51.73	-18.84
x99	14.53	52.79	35.11	4.44	32.22	-13.28	-26.63	-54.84	25.61	-27.01	-2.61	2.8	-28.03	-19.19	35.19	35.36	-62.7	-56.62	41.6	-33.37	-54.01	24.05	39.24	-28.46	14.7	8.78	-19.55	25.06	23.67	-24.5	24.36	8.59	46.61	-15.75	-44.09	8.42	12.92	-25.8	-1.57	60.43	-31.2	-36.68	-21.91	20.89	-78.68	-11.98	-55.44	11.24	-2.39	-27.32	22.67	4.72	19.36	16.63	-34.53	-78.12	1.07	-48.79	-9.37	-12.16	-2.76	38.31	33.37	-12.47	-20.34	11.48	6.47	7.24	-22.31	20.74	-12.66	0.62	-31.09	41	12.61	37.62	1.71	2.54	0.14	-3.56	5.52	12.18	-40.81	-10.72	50.86	53.73	15.86	8.89	2.22	-54.15	-43.09	-9.42	-22.9	-40.62	32.32	36.6	-2.51	23.24	30.08	47.53
